date,open,high,low,adjClose,value,volume,count,yesterday,close,jdate
2023-05-20,21100.0,21100.0,11000.0,12540.0,1692898539740,134999431,1278968,1000.0,11000.0,1402-02-30
2023-05-21,13160.0,13160.0,13160.0,13160.0,15827360920,1202687,2176,12540.0,13160.0,1402-02-31
2023-05-22,13810.0,13810.0,13810.0,13810.0,43335517610,3137981,2314,13160.0,13810.0,1402-03-01
2023-05-23,14500.0,14500.0,14500.0,14500.0,45416668000,3132184,1910,13810.0,14500.0,1402-03-02
2023-05-24,15220.0,15220.0,15220.0,15220.0,48438502320,3182556,2925,14500.0,15220.0,1402-03-03
2023-05-27,15980.0,15980.0,15980.0,15980.0,57104561960,3573502,8771,15220.0,15980.0,1402-03-06
2023-05-28,16770.0,16770.0,16770.0,16770.0,55794947130,3327069,5038,15980.0,16770.0,1402-03-07
2023-05-29,17600.0,17600.0,17600.0,17600.0,63585596800,3612818,9056,16770.0,17600.0,1402-03-08
2023-05-30,18480.0,18480.0,18480.0,18480.0,64520369760,3491362,6595,17600.0,18480.0,1402-03-09
2023-05-31,19400.0,19400.0,19400.0,19400.0,22335976600,1151339,2228,18480.0,19400.0,1402-03-10
2023-06-06,20370.0,20370.0,20370.0,20370.0,87687411210,4304733,14813,19400.0,20370.0,1402-03-16
2023-06-07,21380.0,21380.0,21380.0,21380.0,107760545000,5040250,25309,20370.0,21380.0,1402-03-17
2023-06-10,22400.0,22400.0,22400.0,22400.0,312204793600,13937714,52132,21380.0,22400.0,1402-03-20
2023-06-11,23500.0,23500.0,23500.0,23500.0,339742132000,14457112,70339,22400.0,23500.0,1402-03-21
2023-06-18,24650.0,24650.0,24400.0,24650.0,1658468929350,67303132,139151,23500.0,24650.0,1402-03-28
2023-06-19,24700.0,24950.0,23450.0,24100.0,443195037500,18391427,19478,24650.0,23450.0,1402-03-29
2023-06-20,22900.0,22900.0,22900.0,22900.0,75215072900,3284501,1408,24100.0,22900.0,1402-03-30
2023-06-21,21800.0,22700.0,21800.0,22050.0,1171454905950,53094847,214827,22900.0,22600.0,1402-03-31
2023-06-24,22500.0,22800.0,20950.0,21500.0,835969646650,38838472,151629,22050.0,21000.0,1402-04-03
2023-06-25,21250.0,21350.0,20450.0,20550.0,487503171700,23701712,69479,21500.0,20450.0,1402-04-04
2023-06-26,20050.0,21200.0,20000.0,20650.0,250561433650,12139653,52050,20550.0,20400.0,1402-04-05
2023-06-27,20600.0,20600.0,19650.0,19800.0,292322540450,14778986,23024,20650.0,19650.0,1402-04-06
2023-06-28,19350.0,19650.0,18850.0,19150.0,228735076250,11936530,19270,19800.0,19350.0,1402-04-07
2023-07-01,19650.0,19650.0,18850.0,19250.0,188701078760,9805189,15184,19150.0,19100.0,1402-04-10
2023-07-04,18910.0,19280.0,18550.0,19050.0,110853027340,5820479,8498,18490.0,19280.0,1402-04-13
2023-07-05,19410.0,19930.0,19150.0,19560.0,175807711670,8989023,15143,19050.0,19620.0,1402-04-14
2023-07-08,19600.0,20150.0,19320.0,19720.0,135096534530,6849312,12831,19560.0,19500.0,1402-04-17
2023-07-09,19490.0,19750.0,18800.0,19240.0,100828824690,5239707,10179,19720.0,19200.0,1402-04-18
2023-07-10,18810.0,19320.0,18280.0,18750.0,189168858500,10090287,10257,19240.0,19260.0,1402-04-19
2023-07-11,19450.0,19680.0,19280.0,19670.0,296996492770,15098216,8977,18750.0,19680.0,1402-04-20
2023-07-12,19700.0,19980.0,18690.0,19020.0,120198922610,6319508,7648,19670.0,18850.0,1402-04-21
2023-07-15,19010.0,19220.0,18230.0,18620.0,82718456770,4441821,6833,19020.0,18260.0,1402-04-24
2023-07-16,18260.0,18350.0,17690.0,17730.0,89578433770,5052419,3427,18620.0,17690.0,1402-04-25
2023-07-17,17030.0,17400.0,16850.0,16870.0,97440088110,5776151,5725,17730.0,16860.0,1402-04-26
2023-07-18,17180.0,17460.0,16930.0,17180.0,76531770040,4453763,5451,16870.0,17300.0,1402-04-27
2023-07-19,17500.0,17740.0,16530.0,17200.0,87508650340,5087079,10934,17180.0,16650.0,1402-04-28
2023-07-22,16420.0,16800.0,16340.0,16370.0,117898389000,7204041,4881,17200.0,16340.0,1402-04-31
2023-07-23,16400.0,16670.0,15870.0,16510.0,55010366780,3332598,3798,16370.0,16430.0,1402-05-01
2023-07-24,16650.0,17010.0,16200.0,16720.0,37303948790,2231219,3316,16510.0,16730.0,1402-05-02
2023-07-25,16980.0,17550.0,16730.0,17470.0,146566979430,8389803,4623,16720.0,17310.0,1402-05-03
2023-07-26,17320.0,17750.0,16800.0,17330.0,36837954130,2125996,2727,17470.0,17520.0,1402-05-04
2023-07-29,17300.0,18180.0,17300.0,17870.0,68511660420,3833093,3634,17330.0,17840.0,1402-05-07
2023-07-30,17530.0,17940.0,17310.0,17520.0,86285722890,4924758,3627,17870.0,17500.0,1402-05-08
2023-07-31,17210.0,18070.0,17200.0,17700.0,48437006460,2736595,3356,17520.0,17630.0,1402-05-09
2023-08-01,17310.0,18070.0,17310.0,17760.0,37669768060,2121526,3542,17700.0,17590.0,1402-05-10
2023-08-05,17750.0,18280.0,17590.0,18050.0,59544958730,3299410,3588,17760.0,18200.0,1402-05-14
2023-08-06,18060.0,18180.0,17840.0,17990.0,35353776500,1964646,3143,18050.0,17910.0,1402-05-15
2023-08-07,17870.0,18280.0,17720.0,18010.0,36468911200,2025325,8409,17990.0,17720.0,1402-05-16
2023-08-08,17500.0,18080.0,17500.0,17790.0,34799481760,1955649,2557,18010.0,17750.0,1402-05-17
2023-08-09,17520.0,17750.0,17310.0,17480.0,25860407140,1479363,2501,17790.0,17400.0,1402-05-18
2023-08-12,17320.0,17490.0,16610.0,16650.0,45218767140,2715215,2628,17480.0,16620.0,1402-05-21
2023-08-13,16990.0,17190.0,16490.0,16810.0,26216673600,1560010,2906,16650.0,16850.0,1402-05-22
2023-08-14,17270.0,17330.0,16810.0,16960.0,14583202550,859736,2543,16810.0,16880.0,1402-05-23
2023-08-15,16600.0,16930.0,16160.0,16320.0,26745492290,1639157,3590,16960.0,16360.0,1402-05-24
2023-08-16,16120.0,16440.0,15840.0,16030.0,26397453160,1646679,9523,16320.0,16000.0,1402-05-25
2023-08-19,16490.0,16490.0,15750.0,16080.0,28217311860,1754660,2559,16030.0,16040.0,1402-05-28
2023-08-20,16190.0,16390.0,15750.0,16100.0,21083081980,1309336,1972,16080.0,16060.0,1402-05-29
2023-08-21,16360.0,16360.0,15690.0,15960.0,24621797600,1542835,2730,16100.0,15710.0,1402-05-30
2023-08-22,15630.0,16060.0,15220.0,15430.0,35080364230,2273903,2372,15960.0,15480.0,1402-05-31
2023-08-23,15000.0,15790.0,15000.0,15480.0,22061822450,1425474,1906,15430.0,15640.0,1402-06-01
2023-08-26,15760.0,16190.0,15500.0,15870.0,26853127900,1691980,2008,15480.0,16130.0,1402-06-04
2023-08-27,15890.0,16660.0,15890.0,16580.0,59836558840,3609038,3384,15870.0,16640.0,1402-06-05
2023-08-28,16790.0,17240.0,16320.0,16800.0,42967785440,2557120,4070,16580.0,16710.0,1402-06-06
2023-08-29,17020.0,17130.0,16520.0,16840.0,33220366350,1972519,3814,16800.0,16630.0,1402-06-07
2023-08-30,16950.0,17120.0,16640.0,16900.0,37020718080,2190646,8876,16840.0,16900.0,1402-06-08
2023-09-02,16900.0,17200.0,16690.0,16940.0,17926045600,1058333,1782,16900.0,16980.0,1402-06-11
2023-09-03,16460.0,17070.0,16460.0,16900.0,18169734530,1075145,1792,16940.0,16970.0,1402-06-12
2023-09-04,16600.0,17100.0,16600.0,16910.0,33252100860,1966425,2260,16900.0,17000.0,1402-06-13
2023-09-05,17100.0,17170.0,16580.0,16800.0,33267352730,1980069,2393,16910.0,16860.0,1402-06-14
2023-09-09,16500.0,16860.0,15970.0,16210.0,21370033320,1318710,1953,16800.0,16080.0,1402-06-18
2023-09-10,15960.0,15970.0,15720.0,15870.0,14912385320,939845,1822,16210.0,15790.0,1402-06-19
2023-09-11,15780.0,16120.0,15610.0,15920.0,12932301910,812342,1517,15870.0,15810.0,1402-06-20
2023-09-12,15610.0,16090.0,15610.0,15780.0,19725322360,1249629,1571,15920.0,15620.0,1402-06-21
2023-09-13,15730.0,16000.0,15730.0,15820.0,13135230290,830462,1460,15780.0,15850.0,1402-06-22
2023-09-17,16140.0,16540.0,15850.0,16260.0,31104311380,1913275,2242,15820.0,16430.0,1402-06-26
2023-09-18,16370.0,17070.0,16130.0,16810.0,77222218950,4594499,2965,16260.0,17070.0,1402-06-27
2023-09-19,17100.0,17360.0,16780.0,17060.0,45862691680,2687803,1880,16810.0,17290.0,1402-06-28
2023-09-20,16900.0,17300.0,16600.0,16920.0,23711602940,1401529,1346,17060.0,16820.0,1402-06-29
2023-09-23,16200.0,16990.0,16200.0,16710.0,16923791060,1012939,1282,16920.0,16620.0,1402-07-01
2023-09-25,16510.0,16950.0,16500.0,16820.0,15306271850,909874,1479,16710.0,16850.0,1402-07-03
2023-09-26,16850.0,16910.0,16330.0,16690.0,16064309840,962375,1199,16820.0,16670.0,1402-07-04
2023-09-27,16450.0,17140.0,16310.0,16710.0,15363169240,919135,1488,16690.0,17110.0,1402-07-05
2023-09-30,17090.0,17540.0,16710.0,17460.0,74367919430,4259409,3737,16710.0,17540.0,1402-07-08
2023-10-01,17740.0,18290.0,17400.0,17840.0,63681526630,3568724,2544,17460.0,17650.0,1402-07-09
2023-10-02,17840.0,17840.0,17150.0,17300.0,60406964460,3492486,1855,17840.0,17310.0,1402-07-10
2023-10-04,17380.0,18160.0,17290.0,18040.0,129309823700,7169618,2870,17300.0,18160.0,1402-07-12
2023-10-07,18590.0,18900.0,18030.0,18440.0,78722865200,4268921,2530,18040.0,18370.0,1402-07-15
2023-10-08,17990.0,17990.0,17520.0,17560.0,43191563040,2460158,929,18440.0,17520.0,1402-07-16
2023-10-09,16830.0,17490.0,16690.0,16960.0,52452365340,3091949,1744,17560.0,17040.0,1402-07-17
2023-10-10,16920.0,17590.0,16800.0,17360.0,36823919230,2121498,1216,16960.0,17450.0,1402-07-18
2023-10-11,17780.0,17780.0,17250.0,17570.0,26275534620,1495667,1192,17360.0,17690.0,1402-07-19
2023-10-14,17800.0,18310.0,17330.0,17940.0,56479624320,3148481,1990,17570.0,18170.0,1402-07-22
2023-10-15,18000.0,18820.0,18000.0,18660.0,81730343980,4380820,3399,17940.0,18650.0,1402-07-23
2023-10-16,18500.0,19300.0,18400.0,18870.0,56588119330,2999517,1894,18660.0,18660.0,1402-07-24
2023-10-17,18600.0,19270.0,18250.0,18840.0,60486847440,3210176,1799,18870.0,18870.0,1402-07-25
2023-10-18,18340.0,18850.0,17900.0,18490.0,46131085500,2495566,1387,18840.0,18570.0,1402-07-26
2023-10-21,18100.0,18780.0,18100.0,18540.0,21218741810,1144655,1046,18490.0,18600.0,1402-07-29
2023-10-22,18450.0,19390.0,18450.0,19110.0,32971497540,1725411,1632,18540.0,19100.0,1402-07-30
2023-10-23,19250.0,19250.0,18510.0,18960.0,27852282220,1469067,1156,19110.0,18870.0,1402-08-01
2023-10-24,18530.0,19160.0,18020.0,18410.0,23065690680,1252697,1216,18960.0,18020.0,1402-08-02
2023-10-25,18200.0,18950.0,18180.0,18600.0,17964024490,965877,918,18410.0,18750.0,1402-08-03
2023-10-28,17700.0,18600.0,17670.0,17680.0,67305276010,3807166,1474,18600.0,17890.0,1402-08-06
2023-10-29,17570.0,18500.0,17570.0,18100.0,13354956240,737742,1026,17680.0,18490.0,1402-08-07
2023-10-30,18110.0,18950.0,18110.0,18710.0,14718147590,786823,930,18100.0,18820.0,1402-08-08
2023-10-31,18700.0,18990.0,18050.0,18530.0,17999120400,971335,1050,18710.0,18500.0,1402-08-09
2023-11-01,17930.0,18210.0,17610.0,17780.0,26084440290,1467032,955,18530.0,18100.0,1402-08-10
2023-11-04,18010.0,18500.0,18000.0,18180.0,16462320490,905381,1003,17780.0,18360.0,1402-08-13
2023-11-05,18450.0,18980.0,18100.0,18650.0,24503204260,1313749,1180,18180.0,18400.0,1402-08-14
2023-11-06,18420.0,19100.0,18380.0,18700.0,27169819130,1453069,1226,18650.0,18850.0,1402-08-15
2023-11-07,18420.0,19130.0,18420.0,18860.0,42231895780,2239404,1357,18700.0,19040.0,1402-08-16
2023-11-08,18800.0,19250.0,18660.0,19010.0,22394738320,1178316,1017,18860.0,19070.0,1402-08-17
2023-11-11,18850.0,19230.0,18700.0,19010.0,18130474540,953884,1099,19010.0,19080.0,1402-08-20
2023-11-12,19070.0,19300.0,18700.0,19110.0,15512529800,811911,1023,19010.0,19200.0,1402-08-21
2023-11-13,19360.0,20060.0,19020.0,19940.0,174533971070,8750894,3138,19110.0,20060.0,1402-08-22
2023-11-14,20100.0,20750.0,19900.0,20280.0,67924426780,3349242,2169,19940.0,20070.0,1402-08-23
2023-11-15,20250.0,20600.0,19270.0,19870.0,107512641750,5411253,2772,20280.0,20300.0,1402-08-24
2023-11-18,19870.0,19950.0,19310.0,19670.0,21878023660,1112298,795,19870.0,19480.0,1402-08-27
2023-11-19,19400.0,19600.0,18960.0,19250.0,23758933060,1234218,1198,19670.0,19010.0,1402-08-28
2023-11-20,18960.0,18970.0,18470.0,18650.0,47609673020,2552869,1829,19250.0,18650.0,1402-08-29
2023-11-21,18530.0,19290.0,18530.0,19040.0,21322191550,1120083,962,18650.0,19270.0,1402-08-30
2023-11-22,19330.0,19990.0,18800.0,19740.0,183387633150,9287822,2152,19040.0,19990.0,1402-09-01
2023-11-25,20400.0,20530.0,19760.0,20240.0,106021731640,5238018,1986,19740.0,19930.0,1402-09-04
2023-11-26,20010.0,20110.0,19700.0,19900.0,30913019030,1553240,943,20240.0,20050.0,1402-09-05
2023-11-27,19850.0,20890.0,19850.0,20850.0,143782672640,6897102,2342,19900.0,20890.0,1402-09-06
2023-11-28,20950.0,21890.0,20950.0,21820.0,262737065460,12042673,2523,20850.0,21890.0,1402-09-07
2023-11-29,22250.0,22690.0,21840.0,22280.0,145933663480,6550643,3355,21820.0,22430.0,1402-09-08
2023-12-02,22300.0,23300.0,22300.0,22900.0,145158925850,6335779,2544,22280.0,23050.0,1402-09-11
2023-12-03,23000.0,23600.0,22300.0,22850.0,151384935650,6628136,2563,22900.0,23400.0,1402-09-12
2023-12-04,23250.0,23400.0,22200.0,22750.0,128486388200,5643381,2432,22850.0,22200.0,1402-09-13
2023-12-05,22400.0,22500.0,21650.0,21950.0,137629089200,6271181,2488,22750.0,22000.0,1402-09-14
2023-12-06,22000.0,22550.0,21900.0,22250.0,36353857750,1635035,962,21950.0,22350.0,1402-09-15
2023-12-09,22250.0,23250.0,22150.0,22900.0,64043237900,2795441,1708,22250.0,23200.0,1402-09-18
2023-12-10,22700.0,23500.0,22700.0,23050.0,60079328800,2607573,1713,22900.0,22800.0,1402-09-19
2023-12-11,22700.0,23250.0,22350.0,22650.0,55413241350,2443825,1424,23050.0,22900.0,1402-09-20
2023-12-12,22500.0,22950.0,22050.0,22400.0,50710750450,2265039,1351,22650.0,22700.0,1402-09-21
2023-12-13,22500.0,23250.0,22200.0,22850.0,58204636950,2544503,1282,22400.0,22650.0,1402-09-22
2023-12-16,22100.0,22650.0,22100.0,22400.0,33103040450,1476264,1074,22850.0,22400.0,1402-09-25
2023-12-18,22500.0,23250.0,22100.0,22750.0,66799430900,2934115,1363,22400.0,22650.0,1402-09-27
2023-12-19,23000.0,23100.0,22350.0,22700.0,66071011800,2912122,877,22750.0,22400.0,1402-09-28
2023-12-20,22700.0,23350.0,22150.0,23000.0,29235689150,1270577,993,22700.0,23000.0,1402-09-29
2023-12-23,23050.0,23200.0,22450.0,22850.0,43251838200,1892847,1344,23000.0,22800.0,1402-10-02
2023-12-24,22600.0,23950.0,22600.0,23900.0,184339318400,7705125,1894,22850.0,23950.0,1402-10-03
2023-12-25,24400.0,24700.0,23450.0,23950.0,118749597100,4960239,1588,23900.0,23450.0,1402-10-04
2023-12-26,23000.0,23900.0,22900.0,23200.0,53305561400,2298553,1445,23950.0,23050.0,1402-10-05
2023-12-27,22950.0,23350.0,22900.0,23100.0,19368523900,838890,3671,23200.0,22950.0,1402-10-06
2023-12-30,22900.0,23700.0,22900.0,23400.0,31745791100,1357764,1177,23100.0,23350.0,1402-10-09
2023-12-31,23350.0,23650.0,22900.0,23150.0,28889348750,1248401,1106,23400.0,23150.0,1402-10-10
2024-01-01,23500.0,23500.0,22500.0,22700.0,29466878850,1298805,2317,23150.0,22500.0,1402-10-11
2024-01-02,23100.0,23800.0,22950.0,23400.0,73260857750,3133729,1182,22700.0,23000.0,1402-10-12
2024-01-03,23400.0,23400.0,22700.0,22850.0,24860539900,1088273,971,23400.0,22900.0,1402-10-13
2024-01-06,23200.0,23400.0,22450.0,22950.0,21134776900,921083,899,22850.0,23000.0,1402-10-16
2024-01-07,23300.0,24050.0,22800.0,23900.0,80831205650,3385273,1653,22950.0,23850.0,1402-10-17
2024-01-08,23050.0,24450.0,23050.0,23750.0,36178072200,1523389,694,23900.0,23450.0,1402-10-18
2024-01-09,23000.0,23800.0,23000.0,23600.0,18322351450,776432,951,23750.0,23550.0,1402-10-19
2024-01-10,23600.0,24250.0,23200.0,23700.0,47184631600,1990394,1177,23600.0,23400.0,1402-10-20
2024-01-13,23150.0,23800.0,22950.0,23200.0,37263844200,1605947,1399,23700.0,23250.0,1402-10-23
2024-01-14,23450.0,23500.0,22750.0,23100.0,49949889200,2162770,1073,23200.0,23000.0,1402-10-24
2024-01-15,22900.0,23400.0,22650.0,22900.0,29294272150,1280287,940,23100.0,22750.0,1402-10-25
2024-01-16,22700.0,23000.0,22400.0,22600.0,28176741850,1245596,940,22900.0,22650.0,1402-10-26
2024-01-17,22600.0,23700.0,22500.0,23650.0,190814164450,8066337,1874,22600.0,23700.0,1402-10-27
2024-01-20,23900.0,24100.0,22950.0,23450.0,103217506350,4398161,981,23650.0,23000.0,1402-10-30
2024-01-21,23000.0,23500.0,22550.0,23200.0,26058812850,1122666,670,23450.0,23100.0,1402-11-01
2024-01-22,22650.0,24150.0,22650.0,23400.0,32975200450,1409725,972,23200.0,23050.0,1402-11-02
2024-01-23,22750.0,23450.0,22500.0,22850.0,27844096950,1219145,819,23400.0,22800.0,1402-11-03
2024-01-24,22350.0,23400.0,22350.0,22950.0,25920612400,1129916,711,22850.0,22850.0,1402-11-04
2024-01-27,22700.0,23200.0,22450.0,22750.0,40929132550,1798078,791,22950.0,22800.0,1402-11-07
2024-01-28,22450.0,23400.0,22450.0,23150.0,41284573600,1784899,1170,22750.0,23000.0,1402-11-08
2024-01-29,22550.0,23150.0,22550.0,22850.0,39804116800,1743747,1033,23150.0,22750.0,1402-11-09
2024-01-30,22100.0,22950.0,21850.0,22250.0,92153327600,4144281,2638,22850.0,21900.0,1402-11-10
2024-01-31,22000.0,22250.0,21150.0,21450.0,28583688250,1331883,983,22250.0,21450.0,1402-11-11
2024-02-03,21450.0,22450.0,21450.0,22150.0,17613398650,795117,790,21450.0,21800.0,1402-11-14
2024-02-04,21550.0,22150.0,21150.0,21500.0,26920545800,1252517,799,22150.0,21650.0,1402-11-15
2024-02-05,21600.0,21600.0,20900.0,21150.0,22330206550,1057039,888,21500.0,21000.0,1402-11-16
2024-02-06,20750.0,21800.0,20700.0,21350.0,16235669600,760314,906,21150.0,21500.0,1402-11-17
2024-02-07,20700.0,22050.0,20700.0,21500.0,16862304350,783879,2006,21350.0,21600.0,1402-11-18
2024-02-10,21000.0,22200.0,21000.0,21750.0,13234104250,608250,693,21500.0,21850.0,1402-11-21
2024-02-12,21850.0,22000.0,20850.0,21150.0,33679049550,1592921,1065,21750.0,21200.0,1402-11-23
2024-02-13,21300.0,22200.0,20800.0,21850.0,46874153300,2143232,968,21150.0,21450.0,1402-11-24
2024-02-14,21950.0,21950.0,20900.0,21250.0,21167848700,996751,1701,21850.0,20950.0,1402-11-25
2024-02-17,20900.0,21350.0,20200.0,20400.0,40307586000,1974118,795,21250.0,20350.0,1402-11-28
2024-02-18,20200.0,20750.0,20100.0,20400.0,21851455450,1070304,755,20400.0,20550.0,1402-11-29
2024-02-19,20550.0,21350.0,20550.0,20900.0,26331839200,1260234,487,20400.0,20800.0,1402-11-30
2024-02-20,20300.0,21200.0,20300.0,20950.0,12002434050,572582,539,20900.0,20900.0,1402-12-01
2024-02-21,20600.0,21350.0,20600.0,21150.0,16008316950,757259,727,20950.0,21350.0,1402-12-02
2024-02-24,21700.0,21900.0,21100.0,21500.0,24568883700,1142004,704,21150.0,21300.0,1402-12-05
2024-02-26,21000.0,22050.0,20650.0,21750.0,52276347200,2402947,762,21500.0,21450.0,1402-12-07
2024-02-27,20850.0,21950.0,20850.0,21350.0,4239537250,198728,518,21750.0,21250.0,1402-12-08
2024-02-28,21000.0,22200.0,20450.0,21150.0,46776278250,2214202,712,21350.0,20750.0,1402-12-09
2024-03-02,20650.0,21750.0,20400.0,21200.0,25868505500,1221608,719,21150.0,21150.0,1402-12-12
2024-03-03,21100.0,21900.0,20900.0,21300.0,33676753500,1579454,899,21200.0,21300.0,1402-12-13
2024-03-04,21650.0,21650.0,20550.0,21150.0,45109028300,2130362,645,21300.0,20650.0,1402-12-14
2024-03-05,21400.0,21400.0,20400.0,20650.0,28475589500,1378930,684,21150.0,20600.0,1402-12-15
2024-03-06,21150.0,21250.0,20650.0,20950.0,16324204850,779654,511,20650.0,21000.0,1402-12-16
2024-03-10,20800.0,21400.0,20500.0,21200.0,30570289400,1442994,261,20950.0,21100.0,1402-12-20
2024-03-11,20600.0,21200.0,20300.0,20600.0,33186126700,1609684,794,21200.0,20800.0,1402-12-21
2024-03-12,20350.0,21450.0,20350.0,20850.0,19690976450,943382,623,20600.0,20650.0,1402-12-22
2024-03-13,21300.0,21300.0,20350.0,20600.0,12921559350,626506,459,20850.0,20400.0,1402-12-23
2024-03-16,20300.0,21000.0,20150.0,20450.0,11540464900,563854,539,20600.0,20400.0,1402-12-26
2024-03-17,20350.0,21000.0,20300.0,20700.0,5290716750,255753,380,20450.0,20850.0,1402-12-27
2024-03-18,21100.0,21100.0,20600.0,20800.0,7955348100,382056,442,20700.0,20700.0,1402-12-28
2024-03-24,20800.0,21750.0,20650.0,21150.0,14442786750,682524,626,20800.0,21450.0,1403-01-05
2024-03-25,21350.0,22200.0,21350.0,22150.0,56605967350,2555118,1089,21150.0,22200.0,1403-01-06
2024-03-26,22200.0,22250.0,21200.0,21750.0,22737819000,1046024,655,22150.0,22150.0,1403-01-07
2024-03-27,22350.0,22800.0,21900.0,22750.0,47225697900,2076471,913,21750.0,22800.0,1403-01-08
2024-03-30,22150.0,23000.0,21850.0,22500.0,14270535000,634816,626,22750.0,22300.0,1403-01-11
2024-04-02,21800.0,22600.0,21400.0,21750.0,9279757500,426908,456,22500.0,21700.0,1403-01-14
2024-04-03,21300.0,22550.0,21300.0,21850.0,19886103850,909159,757,21750.0,21700.0,1403-01-15
2024-04-06,21700.0,21850.0,20800.0,20850.0,44538285150,2135191,640,21850.0,20800.0,1403-01-18
2024-04-07,20800.0,21150.0,20250.0,20600.0,13246957200,643054,620,20850.0,20500.0,1403-01-19
2024-04-08,21300.0,21300.0,20550.0,20800.0,10522047250,506408,535,20600.0,20800.0,1403-01-20
2024-04-09,20400.0,21150.0,20400.0,20900.0,15685644350,750738,714,20800.0,20900.0,1403-01-21
2024-04-13,20950.0,21000.0,19900.0,20250.0,21715392800,1071932,947,20900.0,19950.0,1403-01-25
2024-04-14,20050.0,20050.0,20050.0,20050.0,8413942400,419648,62,20250.0,20050.0,1403-01-26
2024-04-15,19850.0,20250.0,19850.0,20250.0,11826584350,584214,324,20050.0,20250.0,1403-01-27
2024-04-16,20200.0,20300.0,20050.0,20050.0,6777269100,337938,59,20250.0,20050.0,1403-01-28
2024-04-17,19850.0,20250.0,19850.0,20000.0,17138335100,857158,414,20050.0,20050.0,1403-01-29
2024-04-20,20250.0,21000.0,20240.0,20970.0,17284354910,824224,577,20000.0,21000.0,1403-02-01
2024-04-21,20490.0,21400.0,20490.0,21120.0,15858006450,750724,510,20970.0,20930.0,1403-02-02
2024-04-22,20500.0,21450.0,20500.0,21120.0,9840259590,466017,480,21120.0,20850.0,1403-02-03
2024-04-23,20500.0,21430.0,20500.0,21050.0,21215434800,1007628,504,21120.0,20710.0,1403-02-04
2024-04-24,20500.0,21300.0,20500.0,20960.0,14176778440,676497,422,21050.0,20800.0,1403-02-05
2024-04-27,20600.0,21200.0,20450.0,20800.0,19879856600,955997,524,20960.0,20900.0,1403-02-08
2024-04-28,20650.0,21150.0,19800.0,20100.0,62675827200,3118258,678,20800.0,19800.0,1403-02-09
2024-04-29,19700.0,20250.0,19600.0,19950.0,10285414050,515502,424,20100.0,20000.0,1403-02-10
2024-04-30,19550.0,20250.0,19550.0,19900.0,3832250050,192611,261,19950.0,20000.0,1403-02-11
2024-05-01,19650.0,20200.0,19600.0,19900.0,15452130050,777226,616,19900.0,19900.0,1403-02-12
2024-05-05,19750.0,20550.0,19710.0,20000.0,5066994680,253361,345,19900.0,19880.0,1403-02-16
2024-05-06,19850.0,20190.0,19600.0,19730.0,6046104770,306496,350,20000.0,19990.0,1403-02-17
2024-05-07,19620.0,20300.0,19350.0,19670.0,4850646450,246627,287,19730.0,19360.0,1403-02-18
2024-05-08,19380.0,19670.0,18690.0,18850.0,29479950820,1563764,576,19670.0,18870.0,1403-02-19
2024-05-11,19600.0,19600.0,18790.0,18940.0,4604497030,243099,359,18850.0,18790.0,1403-02-22
2024-05-12,19000.0,19240.0,18760.0,18920.0,6979686160,368853,337,18940.0,18760.0,1403-02-23
2024-05-13,18750.0,19000.0,18190.0,18660.0,4323812900,231680,262,18920.0,18850.0,1403-02-24
2024-05-14,19310.0,19310.0,18160.0,18480.0,12056564260,652470,579,18660.0,18200.0,1403-02-25
2024-05-15,18150.0,18780.0,17590.0,18040.0,15244380340,844942,817,18480.0,18000.0,1403-02-26
2024-05-18,18000.0,18650.0,17850.0,18050.0,10346967740,573379,417,18040.0,17990.0,1403-02-29
2024-05-19,17850.0,17850.0,17150.0,17150.0,22144432790,1291086,312,18050.0,17150.0,1403-02-30
2024-05-21,16810.0,17490.0,16810.0,17480.0,37818662240,2163512,228,17150.0,17490.0,1403-03-01
2024-05-25,17820.0,17820.0,17500.0,17790.0,36425856240,2046974,406,17480.0,17750.0,1403-03-05
2024-05-26,17440.0,17700.0,17440.0,17440.0,9755543040,559253,124,17790.0,17440.0,1403-03-06
2024-05-27,17100.0,17700.0,17100.0,17240.0,16566138460,960703,336,17440.0,17680.0,1403-03-07
2024-05-28,17240.0,17580.0,17240.0,17580.0,35290912120,2007760,406,17240.0,17580.0,1403-03-08
2024-05-29,17770.0,17930.0,17770.0,17920.0,17801331110,993128,358,17580.0,17930.0,1403-03-09
2024-06-01,18140.0,18270.0,17570.0,17800.0,17987193260,1010798,344,17920.0,17570.0,1403-03-12
2024-06-02,17450.0,17900.0,17450.0,17450.0,3920385670,224649,70,17800.0,17450.0,1403-03-13
2024-06-05,17120.0,17450.0,17110.0,17120.0,6288625380,367388,90,17450.0,17110.0,1403-03-16
2024-06-08,16780.0,17000.0,16780.0,16780.0,35324939090,2105086,374,17120.0,16780.0,1403-03-19
2024-06-09,16460.0,16970.0,16460.0,16670.0,6262973790,375694,312,16780.0,16810.0,1403-03-20
2024-06-10,17000.0,17000.0,16840.0,17000.0,9011631480,530168,237,16670.0,17000.0,1403-03-21
2024-06-11,16810.0,17340.0,16810.0,17160.0,5034830340,293352,325,17000.0,17260.0,1403-03-22
2024-06-12,16880.0,17500.0,16880.0,17350.0,5032362060,290120,286,17160.0,17400.0,1403-03-23
2024-06-15,17360.0,17600.0,17010.0,17030.0,44247579400,2598538,751,17350.0,17010.0,1403-03-26
2024-06-16,16830.0,16990.0,16790.0,16880.0,5172164850,306343,558,17030.0,16900.0,1403-03-27
2024-06-18,17040.0,17210.0,16990.0,17050.0,5520328070,323808,406,16880.0,17050.0,1403-03-29
2024-06-19,17000.0,17390.0,17000.0,17310.0,7418227640,428611,245,17050.0,17390.0,1403-03-30
2024-06-22,17070.0,17500.0,17070.0,17390.0,5172724340,297502,263,17310.0,17340.0,1403-04-02
2024-06-23,17480.0,17710.0,17460.0,17540.0,1818382230,103670,220,17390.0,17530.0,1403-04-03
2024-06-24,17720.0,17890.0,17350.0,17870.0,9861962730,551806,275,17540.0,17860.0,1403-04-04
2024-06-26,17800.0,18220.0,17800.0,18210.0,5709661470,313592,234,17870.0,18200.0,1403-04-06
2024-06-29,17560.0,19020.0,17560.0,18690.0,13435230150,719007,232,18210.0,18570.0,1403-04-09
2024-06-30,18000.0,18440.0,17570.0,17600.0,13435981660,763480,308,18690.0,17570.0,1403-04-10
2024-07-01,17120.0,17990.0,17120.0,17520.0,7921818340,452252,411,17600.0,17500.0,1403-04-11
2024-07-02,18050.0,18050.0,17140.0,17550.0,5580009510,317940,299,17520.0,17510.0,1403-04-12
2024-07-03,17720.0,17990.0,17500.0,17660.0,14636632280,828806,1043,17550.0,17750.0,1403-04-13
2024-07-06,18560.0,18710.0,18560.0,18700.0,39028878110,2086589,317,17660.0,18710.0,1403-04-16
2024-07-07,19280.0,19790.0,18660.0,18960.0,21727231040,1145849,517,18700.0,18660.0,1403-04-17
2024-07-08,19200.0,19200.0,18320.0,18610.0,4993375120,268245,717,18960.0,18340.0,1403-04-18
2024-07-09,18110.0,19020.0,18000.0,18540.0,32597075320,1758197,410,18610.0,18620.0,1403-04-19
2024-07-10,18850.0,18850.0,18390.0,18530.0,67438470270,3639340,459,18540.0,18450.0,1403-04-20
2024-07-20,15670.0,16660.0,15670.0,16550.0,3002190990,181423,138,16670.0,16550.0,1403-04-30
2024-07-21,16550.0,16550.0,16000.0,16190.0,4260130920,263155,272,16550.0,16000.0,1403-04-31
2024-07-22,16400.0,16400.0,15700.0,15800.0,10684744180,676417,462,16190.0,16000.0,1403-05-01
2024-07-23,15700.0,16730.0,15700.0,16090.0,10340226820,642587,428,15800.0,16130.0,1403-05-02
2024-07-24,16090.0,16600.0,16090.0,16360.0,4330711770,264641,263,16090.0,16190.0,1403-05-03
2024-07-27,16170.0,16530.0,16170.0,16410.0,12188002410,742726,433,16360.0,16330.0,1403-05-06
2024-07-29,16190.0,16700.0,16190.0,16300.0,29794478420,1828269,327,16410.0,16650.0,1403-05-08
2024-07-30,16170.0,16740.0,16110.0,16380.0,3776872740,230624,311,16300.0,16570.0,1403-05-09
2024-07-31,15400.0,15700.0,15400.0,15400.0,32036969760,2080288,571,16380.0,15400.0,1403-05-10
2024-08-03,15120.0,15570.0,14480.0,14540.0,22609740500,1555050,722,15400.0,14480.0,1403-05-13
2024-08-04,14460.0,14680.0,14400.0,14570.0,9447355540,648593,452,14540.0,14570.0,1403-05-14
2024-08-05,14470.0,14500.0,14430.0,14430.0,32677489350,2264404,443,14570.0,14430.0,1403-05-15
2024-08-06,14450.0,14470.0,14290.0,14360.0,9887226700,689884,684,14430.0,14310.0,1403-05-16
2024-08-10,14360.0,14400.0,14330.0,14360.0,959030580,66828,156,14360.0,14330.0,1403-05-20
2024-08-11,14220.0,14370.0,14220.0,14320.0,4191618530,294497,231,14360.0,14220.0,1403-05-21
2024-08-12,14180.0,14340.0,14180.0,14310.0,2360605800,165716,630,14320.0,14250.0,1403-05-22
2024-08-13,14170.0,14170.0,14170.0,14260.0,5413776030,382059,221,14310.0,14170.0,1403-05-23
2024-08-14,14400.0,14400.0,14400.0,14270.0,942220800,65432,149,14260.0,14400.0,1403-05-24
2024-08-17,14040.0,14550.0,14040.0,14350.0,4418044450,303730,196,14270.0,14410.0,1403-05-27
2024-08-18,14600.0,14630.0,14600.0,14370.0,888872690,60763,140,14350.0,14630.0,1403-05-28
2024-08-19,14650.0,14650.0,14150.0,14450.0,4482595980,306132,214,14370.0,14640.0,1403-05-29
2024-08-20,14170.0,14450.0,14170.0,14440.0,864446330,60424,85,14450.0,14220.0,1403-05-30
2024-08-21,14170.0,14700.0,14170.0,14460.0,3259403700,224443,315,14440.0,14570.0,1403-05-31
2024-08-24,14210.0,14740.0,14210.0,14520.0,3435054000,233047,168,14460.0,14740.0,1403-06-03
2024-08-26,14810.0,14810.0,14810.0,14550.0,1781894770,120317,150,14520.0,14810.0,1403-06-05
2024-08-27,14840.0,14840.0,14810.0,14620.0,3722091480,250994,198,14550.0,14840.0,1403-06-06
2024-08-28,14910.0,14910.0,14910.0,14640.0,891498720,59792,127,14620.0,14910.0,1403-06-07
2024-08-31,14930.0,14930.0,14930.0,14650.0,587256620,39334,135,14640.0,14930.0,1403-06-10
2024-09-01,14940.0,14940.0,14940.0,14830.0,9629173620,644523,152,14650.0,14940.0,1403-06-11
2024-09-03,15120.0,15120.0,15120.0,14960.0,6709152240,443727,156,14830.0,15120.0,1403-06-13
2024-09-09,15400.0,15400.0,15400.0,14980.0,548301600,35604,110,14960.0,15400.0,1403-06-19
2024-09-10,15420.0,15420.0,15420.0,15160.0,6177668340,400627,178,14980.0,15420.0,1403-06-20
2024-09-11,15610.0,15610.0,15610.0,15360.0,6847669920,438672,189,15160.0,15610.0,1403-06-21
2024-09-14,15820.0,15820.0,15820.0,15580.0,7407588440,468242,174,15360.0,15820.0,1403-06-24
2024-09-15,16040.0,16040.0,16040.0,16000.0,14393846880,897372,143,15580.0,16040.0,1403-06-25
2024-09-16,16480.0,16480.0,16050.0,16410.0,82620668610,5035588,611,16000.0,16480.0,1403-06-26
2024-09-17,16900.0,16900.0,16900.0,16670.0,8638857500,511175,154,16410.0,16900.0,1403-06-27
2024-09-18,17170.0,17170.0,16920.0,17170.0,32139910450,1871909,235,16670.0,17170.0,1403-06-28
2024-09-22,17680.0,17680.0,17260.0,17610.0,33193739420,1884877,386,17170.0,17320.0,1403-07-01
2024-09-23,17330.0,17900.0,17090.0,17240.0,79148753000,4591193,511,17610.0,17500.0,1403-07-02
2024-09-24,17100.0,17700.0,17100.0,17260.0,18953538240,1098291,377,17240.0,17230.0,1403-07-03
2024-09-25,17520.0,17650.0,16850.0,17310.0,21488799430,1241360,367,17260.0,17270.0,1403-07-04
2024-09-28,17140.0,17400.0,17140.0,17140.0,45782706300,2671015,247,17310.0,17140.0,1403-07-07
2024-09-29,17010.0,17310.0,16970.0,17120.0,7634439860,446595,427,17140.0,17290.0,1403-07-08
2024-09-30,17290.0,17290.0,16960.0,17110.0,5031826340,294535,138,17120.0,16980.0,1403-07-09
2024-10-01,16940.0,17270.0,16940.0,16980.0,15467452930,910808,679,17110.0,16940.0,1403-07-10
2024-10-02,16820.0,17110.0,16820.0,16830.0,31702627850,1883286,939,16980.0,16820.0,1403-07-11
2024-10-05,16830.0,16830.0,16670.0,16680.0,16786328360,1006480,454,16830.0,16750.0,1403-07-14
2024-10-06,16520.0,16520.0,16520.0,16610.0,6247351880,378169,35,16680.0,16520.0,1403-07-15
2024-10-07,16450.0,16760.0,16450.0,16510.0,19328885990,1171075,1415,16610.0,16600.0,1403-07-16
2024-10-08,16350.0,16670.0,16350.0,16430.0,11745422400,715475,300,16510.0,16430.0,1403-07-17
2024-10-09,16580.0,16590.0,16520.0,16460.0,3711417290,224146,287,16430.0,16570.0,1403-07-18
2024-10-12,16540.0,16950.0,16540.0,16550.0,3490832570,207269,250,16460.0,16930.0,1403-07-21
2024-10-13,16790.0,17040.0,16590.0,16640.0,5465156840,325069,355,16550.0,16800.0,1403-07-22
2024-10-14,16160.0,16640.0,16150.0,16420.0,7176016720,443567,207,16640.0,16640.0,1403-07-23
2024-10-15,15970.0,16910.0,15960.0,16750.0,47721131140,2849061,285,16420.0,16880.0,1403-07-24
2024-10-16,16900.0,17220.0,16750.0,16930.0,14164272490,836020,361,16750.0,17190.0,1403-07-25
2024-10-19,16550.0,17230.0,16430.0,16630.0,9649439230,585637,244,16930.0,16430.0,1403-07-28
2024-10-20,16250.0,16440.0,16180.0,16520.0,3722532270,229667,202,16630.0,16180.0,1403-07-29
2024-10-21,16050.0,16520.0,16030.0,16280.0,7759343330,482414,308,16520.0,16030.0,1403-07-30
2024-10-22,16470.0,16470.0,15800.0,16090.0,6321181930,398557,114,16280.0,15800.0,1403-08-01
2024-10-23,15610.0,15610.0,15610.0,15930.0,4742364830,303803,26,16090.0,15610.0,1403-08-02
2024-10-26,15460.0,16400.0,15460.0,16090.0,10995029690,680757,333,15930.0,16400.0,1403-08-05
2024-10-27,16500.0,16570.0,16170.0,16220.0,4094073700,247086,176,16090.0,16570.0,1403-08-06
2024-10-28,16570.0,16700.0,15830.0,16180.0,7108460510,440766,212,16220.0,16130.0,1403-08-07
2024-10-29,16180.0,16180.0,15700.0,15800.0,23924889270,1513927,807,16180.0,15700.0,1403-08-08
2024-10-30,15700.0,16180.0,15700.0,15820.0,3069559460,193091,224,15800.0,15940.0,1403-08-09
2024-11-02,15450.0,15820.0,15350.0,15770.0,2922023010,187485,223,15820.0,15360.0,1403-08-12
2024-11-03,16200.0,16200.0,15300.0,15670.0,3072105840,200770,47,15770.0,15300.0,1403-08-13
2024-11-04,15200.0,15300.0,15200.0,15400.0,8325915610,547641,271,15670.0,15200.0,1403-08-14
2024-11-05,15000.0,15380.0,14960.0,15350.0,1861222870,123818,183,15400.0,15080.0,1403-08-15
2024-11-06,14970.0,15520.0,14890.0,15270.0,2933108320,196179,196,15350.0,15080.0,1403-08-16
2024-11-09,15720.0,15720.0,15720.0,15410.0,4686729360,298138,142,15270.0,15720.0,1403-08-19
2024-11-10,15870.0,15870.0,15870.0,15560.0,4948234260,311798,148,15410.0,15870.0,1403-08-20
2024-11-11,16020.0,16020.0,15380.0,15680.0,5819994570,366336,278,15560.0,15730.0,1403-08-21
2024-11-12,15250.0,15870.0,15250.0,15670.0,2018115810,129304,220,15680.0,15400.0,1403-08-22
2024-11-13,15240.0,15750.0,15200.0,15280.0,17522358890,1146892,480,15670.0,15480.0,1403-08-23
2024-11-16,15500.0,15730.0,15400.0,15550.0,12360499930,791612,327,15280.0,15730.0,1403-08-26
2024-11-17,15990.0,16000.0,15170.0,15620.0,5627147190,357212,279,15550.0,15700.0,1403-08-27
2024-11-18,15420.0,16080.0,15420.0,16010.0,17225769880,1076048,352,15620.0,16080.0,1403-08-28
2024-11-19,16400.0,16490.0,15550.0,16150.0,12014112230,741884,344,16010.0,15800.0,1403-08-29
2024-11-20,16380.0,16380.0,15670.0,15960.0,9153147020,578242,270,16150.0,15770.0,1403-08-30
2024-11-23,15770.0,16090.0,15770.0,15950.0,8150978450,511376,418,15960.0,15820.0,1403-09-03
2024-11-24,15800.0,16420.0,15800.0,16380.0,15474745650,944534,367,15950.0,16420.0,1403-09-04
2024-11-25,16870.0,16870.0,16460.0,16670.0,9451207630,560243,359,16380.0,16870.0,1403-09-05
2024-11-26,17170.0,17170.0,16180.0,17040.0,34328490730,2014975,514,16670.0,16880.0,1403-09-06
2024-11-27,16870.0,17550.0,16850.0,17520.0,34779252620,1984967,512,17040.0,17550.0,1403-09-07
2024-11-30,17050.0,18040.0,17050.0,17910.0,71824595300,4010825,549,17520.0,17770.0,1403-09-10
2024-12-01,17740.0,18440.0,17600.0,17840.0,6254793980,352464,313,17910.0,17700.0,1403-09-11
2024-12-02,17500.0,18370.0,17500.0,18350.0,53755618570,2929448,698,17840.0,18370.0,1403-09-12
2024-12-03,18440.0,18880.0,17900.0,18230.0,33563204160,1841137,796,18350.0,18040.0,1403-09-13
2024-12-04,18050.0,18400.0,17800.0,18100.0,21452359350,1185073,1089,18230.0,18060.0,1403-09-14
2024-12-07,18550.0,18550.0,17560.0,17610.0,17884465870,1015540,390,18100.0,17560.0,1403-09-17
2024-12-08,17090.0,17560.0,17090.0,17280.0,18696239750,1081837,560,17610.0,17550.0,1403-09-18
2024-12-09,17280.0,17790.0,17280.0,17780.0,26616368090,1496650,371,17280.0,17790.0,1403-09-19
2024-12-10,18310.0,18310.0,18000.0,18300.0,53826271910,2940840,624,17780.0,18310.0,1403-09-20
2024-12-11,18840.0,18840.0,18840.0,18840.0,28078853400,1490385,350,18300.0,18840.0,1403-09-21
2024-12-14,19400.0,19400.0,19400.0,19400.0,28326114600,1460109,669,18840.0,19400.0,1403-09-24
2024-12-15,19980.0,19980.0,19980.0,19980.0,45297337320,2267134,469,19400.0,19980.0,1403-09-25
2024-12-16,20570.0,20570.0,20570.0,20570.0,118568935760,5764168,753,19980.0,20570.0,1403-09-26
2024-12-17,21180.0,21180.0,20850.0,21160.0,138223899140,6530916,3137,20570.0,21180.0,1403-09-27
2024-12-18,21500.0,21790.0,21200.0,21760.0,50772953770,2332816,1836,21160.0,21790.0,1403-09-28
2024-12-21,22400.0,22400.0,22400.0,22400.0,62722374400,2800106,350,21760.0,22400.0,1403-10-01
2024-12-22,23050.0,23050.0,23050.0,23050.0,34145555450,1481369,514,22400.0,23050.0,1403-10-02
2024-12-23,23700.0,23700.0,23600.0,23700.0,346860382950,14635526,1037,23050.0,23700.0,1403-10-03
2024-12-24,24400.0,24400.0,24400.0,24400.0,46841851200,1919748,381,23700.0,24400.0,1403-10-04
2024-12-25,25100.0,25100.0,25100.0,25100.0,16912204300,673793,150,24400.0,25100.0,1403-10-05
2024-12-28,25850.0,25850.0,25850.0,25850.0,71034145600,2747936,653,25100.0,25850.0,1403-10-08
2024-12-29,26600.0,26600.0,25100.0,26450.0,720056587550,27246127,2003,25850.0,26600.0,1403-10-09
2024-12-30,27200.0,27200.0,25800.0,27150.0,457078357600,16834632,3871,26450.0,27200.0,1403-10-10
2024-12-31,27950.0,27950.0,27800.0,27950.0,238261081550,8524808,1946,27150.0,27950.0,1403-10-11
2025-01-01,28750.0,28750.0,28650.0,28750.0,242276772100,8427068,4077,27950.0,28750.0,1403-10-12
2025-01-04,29600.0,29600.0,27900.0,28900.0,770059265350,26642360,4236,28750.0,29250.0,1403-10-15
2025-01-05,29500.0,29750.0,29150.0,29700.0,453667441650,15277251,3214,28900.0,29750.0,1403-10-16
2025-01-06,30450.0,30550.0,29850.0,30500.0,304886945850,9989485,2149,29700.0,30550.0,1403-10-17
2025-01-07,31350.0,31400.0,29750.0,31250.0,466562003500,14937376,1841,30500.0,31400.0,1403-10-18
2025-01-11,30350.0,30350.0,30350.0,31150.0,1446025750,47645,44,31250.0,30350.0,1403-10-22
2025-01-12,30250.0,30250.0,30250.0,30650.0,7725668500,255394,34,31150.0,30250.0,1403-10-23
2025-01-13,29750.0,29750.0,29750.0,29900.0,11887743000,399588,68,30650.0,29750.0,1403-10-24
2025-01-15,29050.0,29050.0,29050.0,29250.0,10852731400,373588,79,29900.0,29050.0,1403-10-26
2025-01-18,28400.0,28400.0,28400.0,28850.0,6987678000,246045,31,29250.0,28400.0,1403-10-29
2025-01-19,28000.0,28000.0,28000.0,28450.0,6698832000,239244,35,28850.0,28000.0,1403-10-30
2025-01-20,27600.0,27600.0,27600.0,28000.0,7687096800,278518,36,28450.0,27600.0,1403-11-01
2025-01-21,27200.0,27200.0,27200.0,27650.0,6313092800,232099,31,28000.0,27200.0,1403-11-02
2025-01-22,26850.0,26850.0,26850.0,27100.0,9479714700,353062,64,27650.0,26850.0,1403-11-03
2025-01-25,26300.0,26300.0,26300.0,26450.0,11429874800,434596,41,27100.0,26300.0,1403-11-06
2025-01-26,25700.0,25700.0,25700.0,26000.0,8869866700,345131,43,26450.0,25700.0,1403-11-07
2025-01-27,25250.0,25250.0,25250.0,25600.0,7763062000,307448,25,26000.0,25250.0,1403-11-08
2025-01-29,24850.0,24850.0,24850.0,24850.0,13745007150,553119,53,25600.0,24850.0,1403-11-10
2025-02-01,24150.0,24150.0,24150.0,24150.0,15007172250,621415,32,24850.0,24150.0,1403-11-13
2025-02-02,23450.0,23450.0,23450.0,23450.0,14154935900,603622,63,24150.0,23450.0,1403-11-14
2025-02-03,22750.0,22750.0,22750.0,22750.0,13809955250,607031,42,23450.0,22750.0,1403-11-15
2025-02-04,22100.0,22100.0,22100.0,22100.0,13356731700,604377,71,22750.0,22100.0,1403-11-16
2025-02-05,21450.0,21450.0,21450.0,21450.0,26283972000,1225360,146,22100.0,21450.0,1403-11-17
2025-02-09,20850.0,20850.0,20850.0,20850.0,16665425850,799301,56,21450.0,20850.0,1403-11-21
2025-02-11,20250.0,20250.0,20250.0,20250.0,16201032750,800051,36,20850.0,20250.0,1403-11-23
2025-02-15,19650.0,19650.0,19650.0,19650.0,14575819800,741772,34,20250.0,19650.0,1403-11-27
2025-02-17,19100.0,19100.0,19100.0,19100.0,16726653100,875741,88,19650.0,19100.0,1403-11-29
2025-02-18,18550.0,19650.0,18550.0,18900.0,258977523900,13695307,1148,19100.0,19650.0,1403-11-30
2025-02-19,19450.0,19450.0,19450.0,19100.0,5371623200,276176,523,18900.0,19450.0,1403-12-01
2025-02-22,19670.0,19670.0,19670.0,19640.0,14552515110,739833,467,19100.0,19670.0,1403-12-04
2025-02-23,20220.0,20220.0,20220.0,20220.0,16284601620,805371,366,19640.0,20220.0,1403-12-05
2025-02-24,20820.0,20820.0,20820.0,20820.0,55260527280,2654204,518,20220.0,20820.0,1403-12-06
2025-02-25,21440.0,21440.0,20830.0,21430.0,327380010160,15278094,1176,20820.0,21440.0,1403-12-07
2025-02-26,22070.0,22070.0,21520.0,21960.0,96097481920,4376508,1176,21430.0,22070.0,1403-12-08
2025-03-01,22600.0,22600.0,22000.0,22550.0,186838174900,8279935,1102,21960.0,22600.0,1403-12-11
2025-03-02,23200.0,23200.0,22600.0,23200.0,94093458600,4058395,767,22550.0,23200.0,1403-12-12
2025-03-03,22600.0,23850.0,22550.0,23300.0,240379611150,10321173,1332,23200.0,23850.0,1403-12-13
2025-03-04,23950.0,23950.0,23950.0,23950.0,87826015150,3667057,565,23300.0,23950.0,1403-12-14
2025-03-05,24650.0,24650.0,24000.0,24650.0,91755623200,3723537,519,23950.0,24650.0,1403-12-15
2025-03-08,25350.0,25350.0,23950.0,24650.0,140848282450,5711686,539,24650.0,23950.0,1403-12-18
2025-03-09,23950.0,23950.0,23950.0,24100.0,11060732700,461826,61,24650.0,23950.0,1403-12-19
2025-03-10,23400.0,24500.0,23400.0,23450.0,180367078450,7689807,648,24100.0,23400.0,1403-12-20
2025-03-11,22750.0,22750.0,22750.0,22750.0,21523957000,946108,63,23450.0,22750.0,1403-12-21
2025-03-12,22100.0,22100.0,22100.0,22200.0,11769819100,532571,142,22750.0,22100.0,1403-12-22
2025-03-15,21550.0,22700.0,21550.0,21850.0,231040968700,10567523,2216,22200.0,21550.0,1403-12-25
2025-03-16,22350.0,22350.0,21200.0,21400.0,22387480800,1045583,236,21850.0,21200.0,1403-12-26
2025-03-17,20800.0,20800.0,20800.0,21100.0,6641294400,319293,56,21400.0,20800.0,1403-12-27
2025-03-18,20500.0,20500.0,20500.0,20800.0,6374823500,310967,34,21100.0,20500.0,1403-12-28
2025-03-25,20200.0,20200.0,20200.0,20200.0,13986742600,692413,98,20800.0,20200.0,1404-01-05
2025-03-26,19750.0,20800.0,19750.0,20500.0,123643294650,6024701,591,20200.0,20800.0,1404-01-06
2025-03-29,21100.0,21100.0,19900.0,20250.0,132197410050,6526715,458,20500.0,19900.0,1404-01-09
2025-03-30,19650.0,20850.0,19650.0,20150.0,257124689700,12752820,2828,20250.0,20850.0,1404-01-10
2025-04-05,20750.0,20750.0,20750.0,20750.0,18906383250,911151,278,20150.0,20750.0,1404-01-16
2025-04-06,21350.0,21350.0,20650.0,21300.0,141455336350,6635721,663,20750.0,21350.0,1404-01-17
2025-04-07,21600.0,21900.0,21300.0,21900.0,176149561850,8049491,1015,21300.0,21900.0,1404-01-18
2025-04-08,22550.0,22550.0,22100.0,22550.0,129746858600,5755752,754,21900.0,22550.0,1404-01-19
2025-04-09,23200.0,23200.0,22000.0,23100.0,211022242800,9139001,1654,22550.0,23200.0,1404-01-20
2025-04-12,23750.0,23750.0,23500.0,23750.0,136289125150,5739080,752,23100.0,23750.0,1404-01-23
2025-04-13,24450.0,24450.0,24450.0,24450.0,36774046950,1504051,272,23750.0,24450.0,1404-01-24
2025-04-14,25150.0,25150.0,25100.0,25150.0,158475582500,6301238,617,24450.0,25150.0,1404-01-25
2025-04-15,25750.0,25900.0,25300.0,25900.0,235265722650,9092108,974,25150.0,25900.0,1404-01-26
2025-04-16,26650.0,26650.0,26400.0,26650.0,239146883300,8974613,1051,25900.0,26650.0,1404-01-27
2025-04-19,27400.0,27400.0,26850.0,27400.0,96865020850,3538091,686,26650.0,27400.0,1404-01-30
2025-04-20,28200.0,28200.0,28200.0,28200.0,25198081800,893549,248,27400.0,28200.0,1404-01-31
2025-04-21,29000.0,29000.0,27400.0,28700.0,413306119750,14401461,1582,28200.0,27400.0,1404-02-01
2025-04-22,27850.0,29550.0,27850.0,28750.0,535540153050,18623366,1398,28700.0,29550.0,1404-02-02
2025-04-23,29600.0,29600.0,27900.0,28400.0,782919861600,27591696,2380,28750.0,27900.0,1404-02-03
2025-04-26,28050.0,29250.0,28050.0,29150.0,309269829800,10610865,1485,28400.0,29250.0,1404-02-06
2025-04-27,30000.0,30000.0,28300.0,29250.0,185899992550,6354303,1067,29150.0,28300.0,1404-02-07
2025-04-28,28400.0,28400.0,28400.0,28400.0,23602899200,831088,140,29250.0,28400.0,1404-02-08
2025-04-29,27550.0,27550.0,27550.0,27550.0,29636416600,1075732,175,28400.0,27550.0,1404-02-09
2025-04-30,28000.0,28350.0,26750.0,27250.0,390060375850,14326393,2076,27550.0,26750.0,1404-02-10
2025-05-03,26450.0,26450.0,26450.0,26450.0,15230359650,575817,119,27250.0,26450.0,1404-02-13
2025-05-04,25700.0,25700.0,25700.0,25700.0,86810539400,3377842,528,26450.0,25700.0,1404-02-14
2025-05-05,25200.0,26400.0,24950.0,25450.0,330444257000,12973034,1819,25700.0,24950.0,1404-02-15
2025-05-06,24700.0,24700.0,24700.0,24700.0,41146914900,1665867,263,25450.0,24700.0,1404-02-16
2025-05-07,24000.0,25300.0,24000.0,24300.0,1188530817550,48921200,5256,24700.0,24000.0,1404-02-17
2025-05-18,24900.0,24850.0,23600.0,23650.0,238702241100,10102950,1055,24300.0,23600.0,1404-02-28
2025-05-20,22950.0,22950.0,22950.0,22950.0,25189690500,1097590,194,23650.0,22950.0,1404-02-30
2025-05-21,22300.0,22300.0,22300.0,22300.0,70530551500,3162805,626,22950.0,22300.0,1404-02-31
2025-05-24,22400.0,22950.0,21700.0,22850.0,1127157304300,49285129,5241,22300.0,22950.0,1404-03-03
2025-05-25,23500.0,23500.0,22500.0,23300.0,401576235550,17219185,2787,22850.0,23500.0,1404-03-04
2025-05-26,23950.0,23950.0,23600.0,23950.0,137967864400,5761011,601,23300.0,23950.0,1404-03-05
2025-05-27,24650.0,24650.0,23250.0,23750.0,502511407100,21141248,2756,23950.0,23250.0,1404-03-06
2025-05-28,23050.0,23050.0,23050.0,23050.0,59128897250,2565245,532,23750.0,23050.0,1404-03-07
2025-05-31,22550.0,23050.0,22400.0,22500.0,139246401300,6184487,822,23050.0,22400.0,1404-03-10
2025-06-01,21850.0,21850.0,21850.0,21850.0,50196704200,2297332,275,22500.0,21850.0,1404-03-11
2025-06-02,21200.0,21800.0,21200.0,21300.0,440081517150,20649315,3171,21850.0,21450.0,1404-03-12
2025-06-03,21650.0,21900.0,21300.0,21850.0,309179719200,14147429,2156,21300.0,21900.0,1404-03-13
2025-06-07,21950.0,22450.0,21200.0,21500.0,75074301950,3493234,682,21850.0,21200.0,1404-03-17
2025-06-08,20900.0,20900.0,20900.0,20900.0,39452888200,1887698,355,21500.0,20900.0,1404-03-18
2025-06-09,20500.0,21200.0,20300.0,20350.0,120679860350,5923096,1054,20900.0,20300.0,1404-03-19
2025-06-10,19950.0,20600.0,19750.0,19850.0,154678643700,7783023,1731,20350.0,20200.0,1404-03-20
2025-06-11,20350.0,20400.0,20000.0,20300.0,110122906900,5424014,1026,19850.0,20400.0,1404-03-21
2025-06-28,19700.0,19700.0,19700.0,20250.0,984763600,49988,17,20300.0,19700.0,1404-04-07
2025-06-29,19650.0,19650.0,19650.0,20250.0,577926150,29411,21,20250.0,19650.0,1404-04-08
2025-06-30,19650.0,19650.0,19650.0,20200.0,741787500,37750,19,20250.0,19650.0,1404-04-09
2025-07-01,19600.0,19600.0,19600.0,19600.0,16508060800,842248,58,20200.0,19600.0,1404-04-10
2025-07-02,19050.0,19050.0,19050.0,19050.0,62093017800,3259476,212,19600.0,19050.0,1404-04-11
2025-07-07,18480.0,18840.0,18480.0,18490.0,190872640420,10324481,1187,19050.0,18480.0,1404-04-16
2025-07-08,17940.0,17970.0,17940.0,17940.0,44722346460,2492686,242,18490.0,17940.0,1404-04-17
2025-07-09,17410.0,17410.0,17410.0,17410.0,16726204840,960724,123,17940.0,17410.0,1404-04-18
2025-07-12,16890.0,17410.0,16890.0,17070.0,172058094040,10078641,1726,17410.0,17410.0,1404-04-21
2025-07-13,17410.0,17580.0,17230.0,17530.0,29230836810,1667949,360,17070.0,17580.0,1404-04-22
2025-07-14,18050.0,18050.0,17760.0,18020.0,129592951820,7190381,1022,17530.0,18050.0,1404-04-23
2025-07-15,18270.0,18390.0,17480.0,17630.0,224450118060,12732990,1454,18020.0,17480.0,1404-04-24
2025-07-21,15580.0,15580.0,15580.0,15580.0,43804478720,2811584,258,15130.0,15580.0,1404-04-30
2025-07-22,16040.0,16040.0,15800.0,16020.0,154766558310,9657942,1112,15580.0,16040.0,1404-04-31
2025-07-23,16100.0,16100.0,15540.0,15570.0,103165396200,6626200,1034,16020.0,15540.0,1404-05-01
2025-07-26,15420.0,15870.0,15110.0,15160.0,68781296430,4538172,711,15570.0,15110.0,1404-05-04
2025-07-27,14710.0,15040.0,14710.0,14740.0,36119521740,2450564,364,15160.0,14710.0,1404-05-05
2025-07-28,14600.0,14600.0,14300.0,14300.0,32608947280,2279964,182,14740.0,14300.0,1404-05-06
2025-07-29,13880.0,14200.0,13880.0,13900.0,132502035920,9535598,962,14300.0,14100.0,1404-05-07
2025-07-30,13880.0,14310.0,13770.0,14280.0,79036981630,5534123,593,13900.0,14310.0,1404-05-08
2025-08-02,14670.0,14700.0,14130.0,14420.0,64559852360,4475982,972,14280.0,14210.0,1404-05-11
2025-08-03,14200.0,14390.0,13990.0,14010.0,60885600560,4345669,456,14420.0,14000.0,1404-05-12
2025-08-04,13650.0,14430.0,13650.0,14340.0,50338061330,3509373,527,14010.0,14430.0,1404-05-13
2025-08-05,14770.0,14770.0,14560.0,14730.0,100576963570,6828508,781,14340.0,14770.0,1404-05-14
2025-08-06,14500.0,14650.0,14290.0,14340.0,36364069280,2535867,449,14730.0,14500.0,1404-05-15
2025-08-09,14300.0,14770.0,14300.0,14710.0,20386942230,1386386,220,14340.0,14770.0,1404-05-18
2025-08-10,15070.0,15150.0,14800.0,15130.0,27402193760,1811204,283,14710.0,15150.0,1404-05-19
2025-08-11,15430.0,15580.0,15160.0,15560.0,74347496310,4777253,742,15130.0,15580.0,1404-05-20
2025-08-12,15600.0,15750.0,15100.0,15180.0,42662854150,2809649,528,15560.0,15100.0,1404-05-21
2025-08-13,14730.0,14730.0,14730.0,14730.0,21350560530,1449461,97,15180.0,14730.0,1404-05-22
2025-08-16,14290.0,14750.0,14290.0,14350.0,80991151670,5644762,636,14730.0,14580.0,1404-05-25
2025-08-17,14780.0,14780.0,14560.0,14780.0,15043393360,1017942,187,14350.0,14780.0,1404-05-26
2025-08-18,15180.0,15220.0,14440.0,15030.0,29695259200,1975306,442,14780.0,14800.0,1404-05-27
2025-08-19,15030.0,15030.0,14580.0,14610.0,24025932960,1644544,347,15030.0,14580.0,1404-05-28
2025-08-20,14260.0,14480.0,14180.0,14230.0,27529538720,1934015,384,14610.0,14300.0,1404-05-29
2025-08-23,14230.0,14650.0,13890.0,14430.0,20211886150,1400326,335,14230.0,14650.0,1404-06-01
2025-08-25,14200.0,14710.0,14000.0,14030.0,35012467760,2495964,362,14430.0,14070.0,1404-06-03
2025-08-26,13660.0,14140.0,13630.0,13840.0,17255861450,1247233,402,14030.0,13970.0,1404-06-04
2025-08-27,13790.0,14090.0,13460.0,13690.0,28845055620,2107759,447,13840.0,13600.0,1404-06-05
2025-08-30,13280.0,13770.0,13280.0,13550.0,20298271160,1498446,361,13690.0,13590.0,1404-06-08
2025-08-31,13440.0,13940.0,13440.0,13680.0,11776580830,858463,234,13550.0,13920.0,1404-06-09
2025-09-02,13680.0,14090.0,13660.0,14080.0,17325859090,1230383,172,13680.0,14090.0,1404-06-11
2025-09-03,14500.0,14500.0,14500.0,14500.0,16270421000,1122098,142,14080.0,14500.0,1404-06-12
2025-09-06,14930.0,14930.0,14510.0,14790.0,63965888360,4324819,520,14500.0,14660.0,1404-06-15
2025-09-07,14700.0,15080.0,14420.0,14820.0,10851205400,731278,309,14790.0,14600.0,1404-06-16
2025-09-08,14620.0,15260.0,14620.0,15220.0,92717029330,6090013,513,14820.0,15260.0,1404-06-17
2025-09-09,15660.0,15660.0,14790.0,15030.0,28760496450,1913390,433,15220.0,14950.0,1404-06-18
2025-09-13,14800.0,15480.0,14680.0,15250.0,69805067580,4577908,634,15030.0,15480.0,1404-06-22
2025-09-14,15700.0,15700.0,15430.0,15660.0,18508606720,1182045,251,15250.0,15700.0,1404-06-23
2025-09-15,16120.0,16120.0,15700.0,16080.0,72921113720,4535515,750,15660.0,16090.0,1404-06-24
2025-09-16,15810.0,16030.0,15600.0,15630.0,26115431170,1671206,234,16080.0,15600.0,1404-06-25
2025-09-17,15170.0,15400.0,15170.0,15170.0,39599894360,2610365,273,15630.0,15170.0,1404-06-26
2025-09-20,14720.0,14720.0,14720.0,14790.0,12321390720,837051,51,15170.0,14720.0,1404-06-29
2025-09-21,14350.0,14610.0,14350.0,14360.0,114476639070,7973934,738,14790.0,14380.0,1404-06-30
2025-10-04,14790.0,14790.0,14790.0,14490.0,4765190100,322190,106,14360.0,14790.0,1404-07-12
2025-10-05,14920.0,14920.0,14920.0,14860.0,13401561760,898228,226,14490.0,14920.0,1404-07-13
2025-10-06,15300.0,15300.0,15300.0,15300.0,17825157900,1165043,219,14860.0,15300.0,1404-07-14
2025-10-07,15750.0,15750.0,15750.0,15750.0,16446748500,1044238,172,15300.0,15750.0,1404-07-15
2025-10-08,16220.0,16220.0,16220.0,16200.0,16081205460,991443,227,15750.0,16220.0,1404-07-16
2025-10-11,16680.0,16680.0,16680.0,16680.0,23592892560,1414442,181,16200.0,16680.0,1404-07-19
2025-10-12,17180.0,17180.0,17180.0,17180.0,16055534640,934548,165,16680.0,17180.0,1404-07-20
2025-10-13,17690.0,17690.0,17270.0,17670.0,306961986020,17376559,1388,17180.0,17690.0,1404-07-21
2025-10-14,17900.0,18140.0,17140.0,17540.0,156025132520,8894910,1274,17670.0,17140.0,1404-07-22
2025-10-15,17040.0,17500.0,17020.0,17180.0,56492203990,3288164,608,17540.0,17290.0,1404-07-23
2025-10-18,17690.0,17690.0,17690.0,17690.0,18281376700,1033430,181,17180.0,17690.0,1404-07-26
2025-10-19,18220.0,18220.0,17440.0,17950.0,63441996590,3534459,699,17690.0,17650.0,1404-07-27
2025-10-20,17480.0,17940.0,17420.0,17460.0,59803060940,3425057,659,17950.0,17420.0,1404-07-28
2025-10-21,17500.0,17980.0,17220.0,17780.0,48213737160,2711144,573,17460.0,17980.0,1404-07-29
2025-10-22,18310.0,18310.0,18310.0,17990.0,6346630510,346621,138,17780.0,18310.0,1404-07-30
2025-10-25,18520.0,18520.0,18520.0,18520.0,15969592280,862289,144,17990.0,18520.0,1404-08-03
2025-10-26,19070.0,19070.0,19070.0,19070.0,18419083690,965867,147,18520.0,19070.0,1404-08-04
2025-10-27,19640.0,19640.0,19640.0,19640.0,18168060560,925054,199,19070.0,19640.0,1404-08-05
2025-10-28,20220.0,20220.0,20220.0,20220.0,22530842700,1114285,256,19640.0,20220.0,1404-08-06
2025-10-29,20820.0,20820.0,20820.0,20820.0,37472939460,1799853,492,20220.0,20820.0,1404-08-07
2025-11-01,21400.0,21400.0,20350.0,21200.0,624818549800,29466094,3045,20820.0,20650.0,1404-08-10
2025-11-02,20800.0,21800.0,20700.0,21350.0,291860014150,13670132,1462,21200.0,21800.0,1404-08-11
2025-11-03,21950.0,21950.0,21350.0,21800.0,173549784850,7954988,1150,21350.0,21700.0,1404-08-12
2025-11-04,21150.0,21700.0,21150.0,21150.0,64206548450,3033079,353,21800.0,21150.0,1404-08-13
2025-11-05,20550.0,21750.0,20550.0,21300.0,226660310550,10640988,1336,21150.0,21750.0,1404-08-14
2025-11-08,21900.0,21900.0,21900.0,21900.0,41730888000,1905520,266,21300.0,21900.0,1404-08-17
2025-11-09,22550.0,22550.0,21250.0,21900.0,268490295400,12249874,1484,21900.0,22050.0,1404-08-18
2025-11-10,22000.0,22550.0,21800.0,22450.0,108761030000,4849358,644,21900.0,22550.0,1404-08-19
2025-11-11,23100.0,23100.0,21800.0,22200.0,142862267550,6438598,1007,22450.0,21800.0,1404-08-20
2025-11-12,21550.0,21550.0,21550.0,21550.0,38016441200,1764104,132,22200.0,21550.0,1404-08-21
2025-11-15,21200.0,22100.0,20950.0,21100.0,188404495300,8931150,1408,21550.0,20950.0,1404-08-24
2025-11-16,21250.0,21700.0,20900.0,21550.0,110920259950,5145986,672,21100.0,21700.0,1404-08-25
2025-11-17,22100.0,22150.0,21700.0,22100.0,90495611600,4092896,734,21550.0,22150.0,1404-08-26
2025-11-18,22600.0,22750.0,22350.0,22700.0,158955039900,6999177,884,22100.0,22700.0,1404-08-27
2025-11-19,23000.0,23000.0,22050.0,22050.0,128960174900,5843537,696,22700.0,22050.0,1404-08-28
2025-11-22,21850.0,22250.0,21400.0,21450.0,104891030650,4890847,1107,22050.0,21450.0,1404-09-01
2025-11-23,21650.0,22050.0,21300.0,22000.0,68622842100,3121037,635,21450.0,22050.0,1404-09-02
2025-11-25,22350.0,22650.0,22350.0,22650.0,59512352950,2628020,316,22000.0,22650.0,1404-09-04
2025-11-26,23300.0,23300.0,22550.0,23250.0,232686168550,10014532,1033,22650.0,22800.0,1404-09-05
2025-11-29,22800.0,23700.0,22700.0,23250.0,66946275150,2876566,689,23250.0,23250.0,1404-09-08
2025-11-30,22800.0,23600.0,22650.0,23000.0,55546869550,2416083,604,23250.0,22900.0,1404-09-09
2025-12-01,22900.0,23650.0,22700.0,23300.0,71530855950,3066955,659,23000.0,23500.0,1404-09-10
2025-12-02,23700.0,23700.0,22800.0,23200.0,40155021450,1732398,542,23300.0,23050.0,1404-09-11
2025-12-03,22950.0,23200.0,22550.0,22750.0,154972004500,6816017,960,23200.0,22850.0,1404-09-12
2025-12-06,23200.0,23200.0,22150.0,22450.0,96900673050,4313252,1012,22750.0,22800.0,1404-09-15
2025-12-07,22300.0,22800.0,21800.0,22050.0,72475480950,3285139,884,22450.0,22050.0,1404-09-16
2025-12-08,21750.0,22700.0,21750.0,22600.0,71116791100,3148056,675,22050.0,22650.0,1404-09-17
2025-12-09,22500.0,22950.0,21950.0,22150.0,80452767450,3628872,881,22600.0,22100.0,1404-09-18
2025-12-10,22750.0,22800.0,22350.0,22750.0,126746414450,5569351,845,22150.0,22800.0,1404-09-19
2025-12-13,23350.0,23350.0,22700.0,23000.0,62551959500,2717093,1002,22750.0,22900.0,1404-09-22
2025-12-14,23200.0,23650.0,22450.0,23500.0,139237417550,5926528,1282,23000.0,23650.0,1404-09-23
2025-12-15,24200.0,24200.0,23700.0,24200.0,104330899600,4312330,515,23500.0,24200.0,1404-09-24
2025-12-16,24900.0,24900.0,23750.0,24700.0,123616695750,5009773,870,24200.0,24150.0,1404-09-25
2025-12-17,24500.0,24950.0,24000.0,24300.0,97956137450,4029524,1008,24700.0,24900.0,1404-09-26
2025-12-20,24350.0,25000.0,24250.0,24600.0,118861503650,4833788,1129,24300.0,24350.0,1404-09-29
2025-12-21,24250.0,24450.0,23900.0,24100.0,127441319050,5293435,1618,24600.0,24100.0,1404-09-30
2025-12-22,24200.0,24800.0,24100.0,24450.0,101263258400,4139500,2043,24100.0,24300.0,1404-10-01
2025-12-23,24700.0,25150.0,24600.0,25000.0,101193702350,4044934,831,24450.0,25150.0,1404-10-02
2025-12-24,25750.0,25750.0,25350.0,25700.0,108461147750,4221533,851,25000.0,25750.0,1404-10-03
2025-12-27,26450.0,26450.0,26450.0,26450.0,34880963950,1318751,347,25700.0,26450.0,1404-10-06
2025-12-28,27200.0,27200.0,27200.0,27200.0,39499432000,1452185,335,26450.0,27200.0,1404-10-07
2025-12-29,28000.0,28000.0,26400.0,27150.0,257610575250,9495339,1476,27200.0,26850.0,1404-10-08
2025-12-30,26350.0,26350.0,26350.0,26350.0,38351924350,1455481,174,27150.0,26350.0,1404-10-09
2025-12-31,25600.0,27000.0,25600.0,26350.0,145055357650,5504079,854,26350.0,26900.0,1404-10-10
2026-01-04,27100.0,27100.0,25600.0,26100.0,137160109050,5257579,871,26350.0,26500.0,1404-10-14
2026-01-05,25800.0,26850.0,25800.0,26850.0,56493698050,2104965,425,26100.0,26850.0,1404-10-15
2026-01-06,27650.0,27650.0,27150.0,27650.0,53170446750,1923911,338,26850.0,27650.0,1404-10-16
2026-01-07,28450.0,28450.0,26850.0,27600.0,150329368100,5447088,885,27650.0,27200.0,1404-10-17
2026-01-10,26800.0,27000.0,26800.0,26800.0,175902638300,6563204,617,27600.0,26800.0,1404-10-20
2026-01-11,26000.0,27150.0,26000.0,26450.0,77763201950,2939192,686,26800.0,27050.0,1404-10-21
2026-01-12,27000.0,27200.0,26500.0,27000.0,95412711950,3531871,722,26450.0,26800.0,1404-10-22
2026-01-13,27150.0,27200.0,26200.0,26450.0,84196271550,3184597,721,27000.0,26200.0,1404-10-23
2026-01-14,25700.0,26800.0,25700.0,25750.0,121207379150,4706906,715,26450.0,26350.0,1404-10-24
2026-01-18,26500.0,26500.0,26500.0,26500.0,27465660000,1036440,272,25750.0,26500.0,1404-10-28
2026-01-19,27250.0,27250.0,27250.0,27250.0,68809901500,2525134,329,26500.0,27250.0,1404-10-29
2026-01-20,27250.0,27250.0,26450.0,26750.0,302204103000,11303164,485,27250.0,26450.0,1404-10-30
2026-01-21,27000.0,27550.0,26100.0,27450.0,196311915550,7156156,856,26750.0,27550.0,1404-11-01
2026-01-24,28000.0,28000.0,26650.0,26700.0,126495103900,4734274,372,27450.0,26650.0,1404-11-04
2026-01-25,25900.0,25900.0,25900.0,25900.0,37102449300,1432527,184,26700.0,25900.0,1404-11-05
2026-01-26,25150.0,25150.0,25150.0,25150.0,12369323300,491822,50,25900.0,25150.0,1404-11-06
2026-01-27,24400.0,24500.0,24400.0,24400.0,39220476000,1607139,168,25150.0,24400.0,1404-11-07
2026-01-28,23700.0,24000.0,23700.0,23700.0,247011183650,10416708,1017,24400.0,23700.0,1404-11-08
2026-01-31,23300.0,24200.0,23000.0,23100.0,90718270550,3924597,340,23700.0,23000.0,1404-11-11
2026-02-01,22450.0,23750.0,22450.0,22650.0,115668408550,5103181,613,23100.0,23500.0,1404-11-12
2026-02-02,23300.0,23300.0,23000.0,23300.0,50325687950,2161024,332,22650.0,23300.0,1404-11-13
2026-02-03,23950.0,23950.0,23300.0,23600.0,48270462900,2045998,436,23300.0,23600.0,1404-11-14
2026-02-07,24100.0,24300.0,23550.0,24300.0,48231870000,1986146,365,23600.0,24300.0,1404-11-18
2026-02-08,25000.0,25000.0,23650.0,24350.0,58874137450,2417383,459,24300.0,24000.0,1404-11-19
2026-02-09,23900.0,24350.0,23650.0,23650.0,91741922000,3877481,469,24350.0,23650.0,1404-11-20
2026-02-10,23050.0,23750.0,23050.0,23500.0,7908996350,336706,269,23650.0,23650.0,1404-11-21
2026-02-14,24200.0,24200.0,22800.0,22950.0,33769015600,1471618,294,23500.0,22800.0,1404-11-25
2026-02-15,22300.0,22650.0,22300.0,22300.0,47906530700,2147256,308,22950.0,22300.0,1404-11-26
2026-02-16,21850.0,22550.0,21800.0,22100.0,15061649750,681953,213,22300.0,22400.0,1404-11-27
2026-02-17,22550.0,22750.0,22050.0,22700.0,45466787250,2001458,260,22100.0,22750.0,1404-11-28
2026-02-18,23300.0,23300.0,22050.0,22350.0,13111977500,586474,226,22700.0,22500.0,1404-11-29
2026-02-21,21700.0,21850.0,21700.0,21700.0,22939567800,1056858,134,22350.0,21700.0,1404-12-02
2026-02-22,21050.0,21700.0,21050.0,21150.0,54071851250,2559046,504,21700.0,21550.0,1404-12-03
2026-02-23,21550.0,21750.0,21450.0,21700.0,38237956100,1760152,285,21150.0,21700.0,1404-12-04
2026-02-24,21700.0,21700.0,21100.0,21400.0,16355882700,764917,222,21700.0,21700.0,1404-12-05
2026-02-25,21050.0,22000.0,21050.0,21800.0,32214588250,1476843,334,21400.0,22000.0,1404-12-06
2026-05-19,22450.0,22450.0,22450.0,22450.0,47224540350,2103543,148,21800.0,22450.0,1405-02-29
2026-05-20,23100.0,23100.0,23100.0,23100.0,1041786900,45099,22,22450.0,23100.0,1405-02-30
2026-05-24,23750.0,23750.0,23750.0,23750.0,939431250,39555,58,23100.0,23750.0,1405-03-03
2026-05-25,24450.0,24450.0,24450.0,24450.0,19250952000,787360,101,23750.0,24450.0,1405-03-04
2026-05-26,25150.0,25150.0,25150.0,25150.0,1632863750,64925,73,24450.0,25150.0,1405-03-05
2026-05-30,25900.0,25900.0,25900.0,25900.0,19742974300,762277,86,25150.0,25900.0,1405-03-09
2026-05-31,26650.0,26650.0,26650.0,26650.0,24132854200,905548,98,25900.0,26650.0,1405-03-10
2026-06-01,27400.0,27400.0,27400.0,27400.0,186578491600,6809434,354,26650.0,27400.0,1405-03-11
2026-06-02,28200.0,28200.0,28200.0,28200.0,22004262600,780293,133,27400.0,28200.0,1405-03-12
2026-06-03,29000.0,29000.0,29000.0,29000.0,25344173000,873937,160,28200.0,29000.0,1405-03-13
2026-06-06,29850.0,29850.0,29850.0,29850.0,23170644600,776236,119,29000.0,29850.0,1405-03-16
2026-06-07,30700.0,30700.0,30700.0,30700.0,25992492700,846661,143,29850.0,30700.0,1405-03-17
2026-06-08,31600.0,31600.0,31600.0,31600.0,84619143600,2677821,305,30700.0,31600.0,1405-03-18
2026-06-09,32500.0,32500.0,32500.0,32500.0,25662292500,789609,131,31600.0,32500.0,1405-03-19
2026-06-10,33450.0,33450.0,33450.0,33450.0,18640915650,557277,158,32500.0,33450.0,1405-03-20
2026-06-13,34450.0,34450.0,34450.0,34450.0,27838390450,808081,130,33450.0,34450.0,1405-03-23
2026-06-14,35450.0,35450.0,35450.0,35450.0,2020011900,56982,9,34450.0,35450.0,1405-03-24
2026-06-17,36500.0,36500.0,36500.0,36500.0,29641942000,812108,134,35450.0,36500.0,1405-03-27
2026-06-20,37550.0,37550.0,37550.0,37550.0,30254748450,805719,218,36500.0,37550.0,1405-03-30
2026-06-21,38650.0,38650.0,38300.0,38650.0,837776373350,21676879,1372,37550.0,38650.0,1405-03-31
