index,date,open,high,low,adjClose,value,volume,count,yesterday,close,symbol
0,2023-10-29,10000.0,10000.0,10000.0,10000.0,2366180780000,236618078,2555,10000.0,10000.0,موج
1,2023-10-30,10000.0,10000.0,10000.0,10000.0,2533819220000,253381922,4532,10000.0,10000.0,موج
2,2023-11-25,10028.0,10469.0,10028.0,10180.0,243479223575,23916272,113,10000.0,10255.0,موج
3,2023-11-26,10236.0,10260.0,10150.0,10196.0,837365546851,82130711,1683,10180.0,10225.0,موج
4,2023-11-27,10208.0,10347.0,10208.0,10254.0,118827227482,11588500,662,10196.0,10282.0,موج
5,2023-11-28,10318.0,10659.0,10297.0,10447.0,197901585636,18944248,1153,10254.0,10640.0,موج
6,2023-11-29,10690.0,11491.0,10576.0,11210.0,548403844898,48920120,2246,10447.0,11491.0,موج
7,2023-12-02,11690.0,12250.0,11410.0,11898.0,498546940441,41900331,3719,11210.0,11630.0,موج
8,2023-12-03,11663.0,12990.0,11400.0,12424.0,680355480527,54761963,4046,11898.0,12850.0,موج
9,2023-12-04,13000.0,13400.0,12460.0,12757.0,679201345229,53243519,3965,12424.0,12570.0,موج
10,2023-12-05,12599.0,13099.0,12500.0,12844.0,562724139408,43812007,3302,12757.0,12609.0,موج
11,2023-12-06,12609.0,12783.0,12471.0,12603.0,201583635912,15995298,1461,12844.0,12509.0,موج
12,2023-12-09,12600.0,12600.0,12105.0,12221.0,266714072655,21824196,2111,12603.0,12142.0,موج
13,2023-12-10,12170.0,12784.0,12060.0,12545.0,330419855410,26339085,2757,12221.0,12782.0,موج
14,2023-12-11,12807.0,13284.0,12807.0,12987.0,401546369120,30920252,3292,12545.0,12968.0,موج
15,2023-12-12,13110.0,13110.0,12721.0,12944.0,192941949380,14906036,1850,12987.0,12900.0,موج
16,2023-12-13,12910.0,13089.0,12800.0,12999.0,236816231204,18217421,2026,12944.0,13033.0,موج
17,2023-12-16,13149.0,13850.0,13077.0,13479.0,756149447211,56096335,3746,12999.0,13844.0,موج
18,2023-12-18,13990.0,14573.0,13780.0,14228.0,881820277236,61978336,4897,13479.0,14258.0,موج
19,2023-12-19,14260.0,14294.0,13623.0,13989.0,595577379571,42574654,4815,14228.0,13652.0,موج
20,2023-12-20,13700.0,14059.0,13529.0,13897.0,333377724890,23989088,2377,13989.0,13889.0,موج
21,2023-12-23,13864.0,14170.0,13861.0,14019.0,386928773348,27599956,2818,13897.0,13971.0,موج
22,2023-12-24,13871.0,14000.0,13301.0,13578.0,265623304802,19563232,3079,14019.0,13380.0,موج
23,2023-12-25,13390.0,13667.0,13200.0,13428.0,260772539445,19420116,2551,13578.0,13440.0,موج
24,2023-12-26,13320.0,13320.0,12900.0,13112.0,249829490934,19053861,2188,13428.0,13000.0,موج
25,2023-12-27,13000.0,13579.0,12954.0,13344.0,315878232751,23672071,2710,13112.0,13400.0,موج
26,2023-12-30,13601.0,13862.0,13412.0,13602.0,426680617166,31369590,3035,13344.0,13425.0,موج
27,2023-12-31,13560.0,13560.0,13160.0,13289.0,225191249062,16945286,2130,13602.0,13320.0,موج
28,2024-01-01,13330.0,13448.0,13090.0,13220.0,197296863350,14923917,2056,13289.0,13140.0,موج
29,2024-01-02,13100.0,13130.0,12668.0,12868.0,227330906852,17666640,2787,13220.0,12710.0,موج
30,2024-01-03,12606.0,12840.0,12450.0,12580.0,398751868915,31697205,3006,12868.0,12533.0,موج
31,2024-01-06,12498.0,12943.0,12232.0,12635.0,313758140200,24831730,2555,12580.0,12699.0,موج
32,2024-01-07,12650.0,12820.0,12496.0,12597.0,203637024305,16165172,1579,12635.0,12541.0,موج
33,2024-01-08,12530.0,12788.0,12471.0,12684.0,199667963454,15741552,1375,12597.0,12751.0,موج
34,2024-01-09,12672.0,13249.0,12672.0,12963.0,209908357835,16193235,1881,12684.0,13240.0,موج
35,2024-01-10,13250.0,13710.0,13182.0,13507.0,424486249118,31427685,2821,12963.0,13644.0,موج
36,2024-01-13,13499.0,14190.0,13310.0,13991.0,609436016044,43558207,4128,13507.0,14139.0,موج
37,2024-01-14,14148.0,14463.0,13700.0,14186.0,655879635136,46235612,4365,13991.0,13880.0,موج
38,2024-01-15,13780.0,13979.0,13520.0,13770.0,350773231085,25473051,3245,14186.0,13614.0,موج
39,2024-01-16,13453.0,13890.0,13383.0,13652.0,265896099303,19476384,2138,13770.0,13686.0,موج
40,2024-01-17,13650.0,13850.0,13520.0,13635.0,229516527460,16833440,2470,13652.0,13587.0,موج
41,2024-01-20,13700.0,13719.0,12761.0,13144.0,531878466003,40465062,3597,13635.0,12900.0,موج
42,2024-01-21,13020.0,13240.0,12880.0,13126.0,334564251029,25487925,2078,13144.0,13229.0,موج
43,2024-01-22,13200.0,13390.0,12730.0,12955.0,309845245901,23917831,2855,13126.0,12925.0,موج
44,2024-01-23,13000.0,13038.0,12351.0,12715.0,377764783280,29709047,3190,12955.0,12794.0,موج
45,2024-01-24,12898.0,13099.0,12800.0,12976.0,1453696760252,112028084,4822,12715.0,13028.0,موج
46,2024-01-27,13130.0,13197.0,12800.0,12908.0,1454413785413,112676305,5172,12976.0,12961.0,موج
47,2024-01-28,12935.0,13068.0,12808.0,12905.0,1548239914468,119974719,4590,12908.0,13002.0,موج
48,2024-01-29,12770.0,12999.0,12601.0,12791.0,478501819678,37409244,3526,12905.0,12798.0,موج
49,2024-01-30,12730.0,12909.0,12651.0,12806.0,390251972896,30475131,2418,12791.0,12800.0,موج
50,2024-01-31,12875.0,13066.0,12740.0,12923.0,1040438587661,80510612,3131,12806.0,12900.0,موج
51,2024-02-03,12984.0,13240.0,12911.0,13060.0,853554316653,65356530,3835,12923.0,13038.0,موج
52,2024-02-04,13100.0,13110.0,12823.0,12939.0,267128602562,20645886,1836,13060.0,12884.0,موج
53,2024-02-05,12995.0,13080.0,12860.0,12923.0,589010861465,45579567,2639,12939.0,12881.0,موج
54,2024-02-06,12861.0,12951.0,12797.0,12866.0,196328042070,15259379,1354,12923.0,12889.0,موج
55,2024-02-07,12888.0,13000.0,12850.0,12921.0,445130898815,34450962,1841,12866.0,12969.0,موج
56,2024-02-10,12999.0,13040.0,12852.0,12921.0,180522156996,13970845,1284,12921.0,12900.0,موج
57,2024-02-12,12940.0,12940.0,12600.0,12695.0,234724237161,18489837,2432,12921.0,12606.0,موج
58,2024-02-13,12650.0,12826.0,12430.0,12616.0,236506801152,18746908,2049,12695.0,12522.0,موج
59,2024-02-14,12566.0,12566.0,12350.0,12420.0,212479994433,17108013,1920,12616.0,12520.0,موج
60,2024-02-17,12553.0,12553.0,12237.0,12314.0,95325368847,7741275,1251,12420.0,12260.0,موج
61,2024-02-18,12378.0,12699.0,12330.0,12574.0,530366047197,42178686,2247,12314.0,12670.0,موج
62,2024-02-19,12719.0,12788.0,12581.0,12661.0,438248183828,34613097,1974,12574.0,12612.0,موج
63,2024-02-20,12510.0,12649.0,12457.0,12509.0,114393165365,9144799,1228,12661.0,12491.0,موج
64,2024-02-21,12501.0,12525.0,12400.0,12458.0,84177233854,6757123,947,12509.0,12406.0,موج
65,2024-02-24,12488.0,12500.0,12210.0,12299.0,115745391689,9410696,1588,12458.0,12225.0,موج
66,2024-02-26,12202.0,12250.0,11900.0,12001.0,200414608816,16699882,1865,12299.0,11970.0,موج
67,2024-02-27,11858.0,12228.0,11853.0,12059.0,281882316583,23375996,1584,12001.0,12155.0,موج
68,2024-02-28,12198.0,12347.0,12011.0,12188.0,439494338703,36060010,2688,12059.0,12055.0,موج
69,2024-03-02,12169.0,13340.0,12029.0,12959.0,2925428247957,225738902,9710,12188.0,13208.0,موج
70,2024-03-03,13340.0,13820.0,13245.0,13520.0,1630115515948,120573237,6915,12959.0,13335.0,موج
71,2024-03-04,13261.0,13600.0,13001.0,13188.0,626683940777,47520065,14733,13520.0,13119.0,موج
72,2024-03-05,13200.0,13780.0,13090.0,13526.0,693182477454,51246957,3817,13188.0,13620.0,موج
73,2024-03-06,13553.0,13700.0,13350.0,13474.0,537078180598,39860399,2330,13526.0,13570.0,موج
74,2024-03-10,13051.0,13450.0,13051.0,13354.0,115573197361,8654487,845,13474.0,13410.0,موج
75,2024-03-11,13474.0,13850.0,13301.0,13580.0,786955971683,57951066,3002,13354.0,13630.0,موج
76,2024-03-12,13690.0,13800.0,13394.0,13559.0,550931591731,40632272,1942,13580.0,13400.0,موج
77,2024-03-13,13350.0,13568.0,12910.0,13125.0,577078731535,43966625,2743,13559.0,12939.0,موج
78,2024-03-16,12900.0,13160.0,12900.0,13034.0,283810138356,21773997,1437,13125.0,13093.0,موج
79,2024-03-17,13300.0,13585.0,13100.0,13385.0,411200161321,30720083,1883,13034.0,13582.0,موج
80,2024-03-18,13700.0,14190.0,13569.0,13959.0,825093474163,59108733,3491,13385.0,14160.0,موج
81,2024-03-24,14260.0,15354.0,14260.0,14943.0,912854780422,61088416,4233,13959.0,15354.0,موج
82,2024-03-25,15420.0,15760.0,14818.0,15158.0,1136350618702,74967858,5392,14943.0,15097.0,موج
83,2024-03-26,15000.0,15339.0,14889.0,15138.0,613505636868,40528760,3531,15158.0,15140.0,موج
84,2024-03-27,15148.0,15387.0,15100.0,15281.0,531260892336,34766328,2993,15138.0,15314.0,موج
85,2024-03-30,15395.0,15517.0,15184.0,15347.0,488500407013,31829674,3288,15281.0,15517.0,موج
86,2024-04-02,14600.0,15061.0,14510.0,14864.0,1000367775293,67301811,4526,15347.0,15000.0,موج
87,2024-04-03,15050.0,15470.0,15002.0,15128.0,496033678642,32789400,2815,14864.0,15188.0,موج
88,2024-04-06,15249.0,15380.0,14000.0,14588.0,1171493821974,80307825,5685,15128.0,14470.0,موج
89,2024-04-07,14600.0,14987.0,14360.0,14692.0,914080951616,62217094,4001,14588.0,14959.0,موج
90,2024-04-08,15080.0,15202.0,14906.0,15052.0,704959113024,46834241,3981,14692.0,15011.0,موج
91,2024-04-09,15070.0,15160.0,14500.0,14921.0,569112512939,38141279,3460,15052.0,14920.0,موج
92,2024-04-13,14480.0,14675.0,13500.0,13996.0,772548984297,55198663,5217,14921.0,14120.0,موج
93,2024-04-14,13717.0,14195.0,13717.0,13829.0,603034432521,43606048,2184,13996.0,13832.0,موج
94,2024-04-15,14105.0,14105.0,14105.0,14105.0,32116591325,2276965,149,13829.0,14105.0,موج
95,2024-04-16,13840.0,14300.0,13823.0,14012.0,694281189462,49548061,2820,14105.0,14245.0,موج
96,2024-04-17,14292.0,14292.0,14255.0,14291.0,265370778341,18569446,764,14012.0,14292.0,موج
97,2024-04-20,15000.0,15720.0,14871.0,15597.0,1075505487154,68955021,4235,14291.0,15720.0,موج
98,2024-04-21,16189.0,16390.0,15561.0,15969.0,1467329015849,91887242,6480,15597.0,15730.0,موج
99,2024-04-22,15620.0,16110.0,15620.0,15880.0,756411219082,47632434,4528,15969.0,15679.0,موج
100,2024-04-23,15711.0,15959.0,15500.0,15673.0,670589477580,42787294,3833,15880.0,15568.0,موج
101,2024-04-24,15630.0,15750.0,15316.0,15472.0,697303286452,45069864,6467,15673.0,15377.0,موج
102,2024-04-27,15438.0,15498.0,14779.0,15075.0,929275852978,61641718,6577,15472.0,14791.0,موج
103,2024-04-28,14790.0,14790.0,14390.0,14517.0,649293989794,44725782,4610,15075.0,14698.0,موج
104,2024-04-29,14620.0,15000.0,14490.0,14671.0,649164142175,44249375,3085,14517.0,14573.0,موج
105,2024-04-30,14590.0,14689.0,14380.0,14528.0,373035677593,25677472,2373,14671.0,14650.0,موج
106,2024-05-01,14650.0,14779.0,14451.0,14629.0,401604809513,27452336,2205,14528.0,14741.0,موج
107,2024-05-05,14910.0,14940.0,14490.0,14689.0,398297997456,27116171,2668,14629.0,14490.0,موج
108,2024-05-06,14560.0,14560.0,14322.0,14430.0,255316420612,17693660,2670,14689.0,14435.0,موج
109,2024-05-07,14344.0,14529.0,14158.0,14263.0,266295698382,18670328,2786,14430.0,14170.0,موج
110,2024-05-08,14150.0,14268.0,13960.0,14037.0,323243980373,23027604,2489,14263.0,13975.0,موج
111,2024-05-11,14008.0,14130.0,13750.0,13907.0,288427040998,20739391,2665,14037.0,13764.0,موج
112,2024-05-12,13900.0,14180.0,13496.0,13747.0,514843204088,37451802,3891,13907.0,13540.0,موج
113,2024-05-13,13610.0,13744.0,13151.0,13415.0,512609889974,38211427,4309,13747.0,13680.0,موج
114,2024-05-14,13680.0,13838.0,13263.0,13553.0,416254386057,30712591,2947,13415.0,13263.0,موج
115,2024-05-15,13300.0,14123.0,13222.0,13729.0,575447893085,41914471,4063,13553.0,13920.0,موج
116,2024-05-18,14000.0,14080.0,13230.0,13635.0,400483801880,29370976,3945,13729.0,13296.0,موج
117,2024-05-19,13170.0,13180.0,12380.0,12742.0,733431650829,57559267,5551,13635.0,13000.0,موج
118,2024-05-21,12740.0,13080.0,12540.0,12911.0,365778300535,28330685,2247,12742.0,12950.0,موج
119,2024-05-25,13009.0,13009.0,12395.0,12479.0,317695929174,25458607,3169,12911.0,12395.0,موج
120,2024-05-26,12050.0,12199.0,11980.0,12006.0,124123435036,10338287,928,12479.0,11980.0,موج
121,2024-05-27,11529.0,12072.0,11526.0,11760.0,1363479247609,115945311,5630,12006.0,11964.0,موج
122,2024-05-28,11970.0,12230.0,11916.0,12209.0,1176237980478,96341529,2297,11760.0,12230.0,موج
123,2024-05-29,12350.0,12697.0,12264.0,12613.0,1270269437591,100710468,4169,12209.0,12697.0,موج
124,2024-06-01,12700.0,12720.0,12109.0,12215.0,1371530643166,112284928,5382,12613.0,12109.0,موج
125,2024-06-02,12000.0,12309.0,11727.0,11948.0,1231894483875,103105263,4820,12215.0,12130.0,موج
126,2024-06-05,12119.0,12160.0,11481.0,11685.0,353850811632,30281274,3003,11948.0,11550.0,موج
127,2024-06-08,11250.0,11440.0,11218.0,11224.0,431359875428,38432904,1518,11685.0,11218.0,موج
128,2024-06-09,11119.0,11613.0,10810.0,11364.0,792186719614,69709443,4283,11224.0,11360.0,موج
129,2024-06-10,11548.0,11818.0,11405.0,11795.0,1086604437737,92120896,3063,11364.0,11818.0,موج
130,2024-06-11,11800.0,11829.0,11324.0,11507.0,672901728388,58475966,4149,11795.0,11330.0,موج
131,2024-06-12,11333.0,11399.0,11047.0,11155.0,445568202722,39943161,3242,11507.0,11061.0,موج
132,2024-06-15,11090.0,11090.0,10709.0,10762.0,279486806146,25969495,1592,11155.0,10709.0,موج
133,2024-06-16,10460.0,10900.0,10332.0,10541.0,581727241072,55184740,3299,10762.0,10634.0,موج
134,2024-06-18,10710.0,10960.0,10630.0,10791.0,389126887099,36061551,2582,10541.0,10844.0,موج
135,2024-06-19,10880.0,11222.0,10880.0,11204.0,1995759850926,178136454,2272,10791.0,11222.0,موج
136,2024-06-22,11251.0,11310.0,10975.0,11175.0,1298644747604,116213145,4660,11204.0,11112.0,موج
137,2024-06-23,11170.0,11226.0,11044.0,11150.0,966515189310,86679854,3713,11175.0,11174.0,موج
138,2024-06-24,11199.0,11596.0,11199.0,11533.0,1617734353232,140268441,3260,11150.0,11596.0,موج
139,2024-06-26,11700.0,11994.0,11631.0,11931.0,1159433842748,97179249,3799,11533.0,11994.0,موج
140,2024-06-29,11823.0,12105.0,11334.0,11800.0,1343639362551,113864002,5320,11931.0,11438.0,موج
141,2024-06-30,11449.0,11600.0,10900.0,11113.0,1039703560748,93553596,5817,11800.0,10977.0,موج
142,2024-07-01,11090.0,11490.0,11014.0,11312.0,805865338164,71241682,3962,11113.0,11477.0,موج
143,2024-07-02,11630.0,12038.0,11630.0,11854.0,983955333906,83007115,4423,11312.0,11861.0,موج
144,2024-07-03,11890.0,12370.0,11653.0,12024.0,1388406522286,115472824,6395,11854.0,12321.0,موج
145,2024-07-06,13226.0,13226.0,13226.0,13226.0,1582928336724,119683074,636,12024.0,13226.0,موج
146,2024-07-07,13790.0,13879.0,13240.0,13608.0,2761028762524,202894407,7484,13226.0,13370.0,موج
147,2024-07-08,13300.0,13786.0,13270.0,13541.0,1591543654227,117535170,6592,13608.0,13422.0,موج
148,2024-07-09,13450.0,13639.0,13081.0,13343.0,1140310532552,85461268,5021,13541.0,13145.0,موج
149,2024-07-10,13119.0,13119.0,12750.0,12909.0,998437986249,77345681,4626,13343.0,12800.0,موج
150,2024-07-13,12868.0,12993.0,12572.0,12689.0,780211870226,61489532,3269,12909.0,12718.0,موج
151,2024-07-14,12769.0,13220.0,12691.0,12963.0,885569951266,68314840,3933,12689.0,13219.0,موج
152,2024-07-17,13203.0,13343.0,13022.0,13207.0,864618016742,65468306,3734,12963.0,13150.0,موج
153,2024-07-20,13100.0,13170.0,12403.0,12713.0,1180701263303,92871772,5076,13207.0,12460.0,موج
154,2024-07-21,12264.0,12450.0,12151.0,12258.0,1135235040335,92612481,4835,12713.0,12329.0,موج
155,2024-07-22,12436.0,12578.0,12331.0,12462.0,1068356313794,85729568,4211,12258.0,12460.0,موج
156,2024-07-23,12750.0,13099.0,12383.0,12679.0,1184426639809,93414156,5203,12462.0,12392.0,موج
157,2024-07-24,12400.0,12598.0,12214.0,12444.0,675634704949,54292801,3583,12679.0,12430.0,موج
158,2024-07-27,12499.0,12514.0,12272.0,12370.0,439402841309,35521236,2615,12444.0,12446.0,موج
159,2024-07-29,12375.0,12376.0,11645.0,11943.0,883967285956,74014689,5616,12370.0,11752.0,موج
160,2024-07-30,11800.0,12218.0,11650.0,11996.0,795886747532,66344817,4342,11943.0,12167.0,موج
161,2024-07-31,11020.0,11288.0,10797.0,11043.0,1614572074198,146209998,6630,11996.0,11220.0,موج
162,2024-08-03,10760.0,10986.0,9939.0,10143.0,1362371901961,134313367,7323,11043.0,9939.0,موج
163,2024-08-04,9941.0,10345.0,9941.0,10178.0,1256095781759,123406942,4359,10143.0,10224.0,موج
164,2024-08-05,10110.0,10220.0,9975.0,10032.0,370949528836,36976045,2201,10178.0,9975.0,موج
165,2024-08-06,9920.0,9975.0,9832.0,9850.0,501399014100,50903506,2103,10032.0,9834.0,موج
166,2024-08-10,10042.0,10047.0,9900.0,10043.0,222813549658,22185350,567,9850.0,10047.0,موج
167,2024-08-11,10070.0,10243.0,10070.0,10215.0,834830381317,81724828,2235,10043.0,10243.0,موج
168,2024-08-12,10170.0,10284.0,10011.0,10067.0,456071025941,45302516,2244,10215.0,10011.0,موج
169,2024-08-13,9950.0,10031.0,9866.0,9918.0,435411258929,43899198,2595,10067.0,10020.0,موج
170,2024-08-14,10116.0,10116.0,10116.0,10116.0,38646842688,3820368,113,9918.0,10116.0,موج
171,2024-08-17,10318.0,10318.0,10318.0,10318.0,14551877802,1410339,93,10116.0,10318.0,موج
172,2024-08-18,10524.0,10524.0,10524.0,10524.0,5563312644,528631,65,10318.0,10524.0,موج
173,2024-08-19,10734.0,10734.0,10700.0,10734.0,1275954825626,118874531,2284,10524.0,10734.0,موج
174,2024-08-20,10701.0,10948.0,10658.0,10899.0,1051263549899,96453131,3226,10734.0,10948.0,موج
175,2024-08-21,11080.0,11116.0,11011.0,11099.0,141403598318,12740770,484,10899.0,11116.0,موج
176,2024-08-24,11320.0,11320.0,11320.0,11320.0,6310854720,557496,74,11099.0,11320.0,موج
177,2024-08-26,11546.0,11546.0,11503.0,11544.0,681157120606,59003785,1351,11320.0,11546.0,موج
178,2024-08-27,11590.0,11774.0,11561.0,11757.0,721953795082,61408111,1947,11544.0,11774.0,موج
179,2024-08-28,11900.0,11992.0,11834.0,11945.0,406794627237,34054254,1356,11757.0,11992.0,موج
180,2024-08-31,12183.0,12183.0,12183.0,12183.0,12169586517,998899,117,11945.0,12183.0,موج
181,2024-09-01,12426.0,12426.0,12426.0,12426.0,250684373106,20174181,377,12183.0,12426.0,موج
182,2024-09-03,12580.0,12674.0,12317.0,12575.0,2217995794555,176378487,6862,12426.0,12555.0,موج
183,2024-09-07,12588.0,12900.0,12222.0,12536.0,1459112489175,116391384,4821,12575.0,12258.0,موج
184,2024-09-08,12270.0,12519.0,12160.0,12258.0,731904345178,59706648,2722,12536.0,12160.0,موج
185,2024-09-09,12255.0,12625.0,12172.0,12487.0,1490245551881,119342104,4532,12258.0,12470.0,موج
186,2024-09-10,12487.0,12512.0,12113.0,12219.0,1314155899511,107552045,5028,12487.0,12114.0,موج
187,2024-09-11,12250.0,12340.0,11922.0,12101.0,1031354199530,85225716,4257,12219.0,12042.0,موج
188,2024-09-14,11950.0,12045.0,11738.0,11860.0,593296461515,50024757,2501,12101.0,11738.0,موج
189,2024-09-15,11635.0,11787.0,11505.0,11575.0,634022568456,54775484,2818,11860.0,11505.0,موج
190,2024-09-16,11410.0,11898.0,11410.0,11609.0,1380591182761,118925686,5702,11575.0,11563.0,موج
191,2024-09-17,11520.0,11957.0,11520.0,11876.0,554657027880,46702442,2372,11609.0,11957.0,موج
192,2024-09-18,11985.0,12232.0,11900.0,12135.0,1247305702045,102789244,3564,11876.0,12232.0,موج
193,2024-09-22,12260.0,12399.0,12000.0,12166.0,1074238714167,88299259,4239,12135.0,12020.0,موج
194,2024-09-23,12050.0,12530.0,11965.0,12387.0,622637330333,50264105,1957,12166.0,12530.0,موج
195,2024-09-24,12605.0,12758.0,12600.0,12736.0,202572378578,15905616,684,12387.0,12758.0,موج
196,2024-09-25,13110.0,13118.0,12781.0,12996.0,1916232039037,147451685,5412,12736.0,12840.0,موج
197,2024-09-28,12867.0,12867.0,12867.0,12867.0,3243590562,252086,63,12996.0,12867.0,موج
198,2024-09-29,12739.0,12739.0,12739.0,12739.0,454860058856,35706104,585,12867.0,12739.0,موج
199,2024-09-30,12670.0,12790.0,12612.0,12671.0,930511567963,73438209,1540,12739.0,12612.0,موج
200,2024-10-01,12545.0,12545.0,12545.0,12545.0,1777751950,141710,42,12671.0,12545.0,موج
201,2024-10-02,12420.0,12420.0,12420.0,12420.0,2134749600,171880,43,12545.0,12420.0,موج
202,2024-10-05,12296.0,12296.0,12296.0,12296.0,2293388440,186515,48,12420.0,12296.0,موج
203,2024-10-06,12174.0,12174.0,12174.0,12174.0,738730494,60681,26,12296.0,12174.0,موج
204,2024-10-07,12053.0,12053.0,12053.0,12053.0,12798972223,1061891,135,12174.0,12053.0,موج
205,2024-10-08,11933.0,12110.0,11933.0,11965.0,2028616512970,169544398,5257,12053.0,11933.0,موج
206,2024-10-09,11964.0,11990.0,11846.0,11867.0,1032736670171,87023908,3291,11965.0,11846.0,موج
207,2024-10-12,12149.0,12223.0,12010.0,12170.0,1131543231375,92981260,2962,11867.0,12223.0,موج
208,2024-10-13,12499.0,12499.0,11901.0,12210.0,1433573775020,117405570,4669,12170.0,12122.0,موج
209,2024-10-14,12030.0,12130.0,11844.0,11881.0,293285595875,24685140,1023,12210.0,11844.0,موج
210,2024-10-15,11525.0,11525.0,11525.0,11525.0,13455195475,1167479,153,11881.0,11525.0,موج
211,2024-10-16,11180.0,11523.0,11180.0,11256.0,1924152171345,170939636,5780,11525.0,11334.0,موج
212,2024-10-19,11220.0,11310.0,10919.0,10999.0,342328194570,31123657,1337,11256.0,10919.0,موج
213,2024-10-20,10670.0,10670.0,10670.0,10670.0,42039800000,3940000,224,10999.0,10670.0,موج
214,2024-10-21,10350.0,10766.0,10350.0,10511.0,1427815251726,135838679,5088,10670.0,10650.0,موج
215,2024-10-22,10720.0,10826.0,10196.0,10495.0,1578080049044,150358030,5715,10511.0,10255.0,موج
216,2024-10-23,10270.0,10310.0,10181.0,10189.0,284108405090,27883429,1012,10495.0,10181.0,موج
217,2024-10-26,10494.0,10494.0,10494.0,10494.0,21804947406,2077849,129,10189.0,10494.0,موج
218,2024-10-27,10808.0,10808.0,10808.0,10808.0,4472566560,413820,70,10494.0,10808.0,موج
219,2024-10-28,11132.0,11132.0,11132.0,11132.0,90214618560,8104080,321,10808.0,11132.0,موج
220,2024-10-29,11465.0,11465.0,11084.0,11374.0,2569711878624,225932060,5774,11132.0,11140.0,موج
221,2024-10-30,11034.0,11715.0,11034.0,11415.0,1908323264538,167170795,4323,11374.0,11715.0,موج
222,2024-11-02,11757.0,11757.0,11550.0,11743.0,2369314728124,201763511,3778,11415.0,11625.0,موج
223,2024-11-03,11439.0,11489.0,11391.0,11419.0,186746167273,16353428,526,11743.0,11391.0,موج
224,2024-11-04,11130.0,11725.0,11130.0,11421.0,1991411457945,174364887,6264,11419.0,11641.0,موج
225,2024-11-05,11740.0,11763.0,11603.0,11745.0,1568010639997,133499338,2756,11421.0,11763.0,موج
226,2024-11-06,11550.0,12097.0,11393.0,11745.0,2692854806003,229275782,6353,11745.0,12040.0,موج
227,2024-11-09,12097.0,12097.0,12097.0,12097.0,73047952246,6038518,141,11745.0,12097.0,موج
228,2024-11-10,12459.0,12459.0,12459.0,12459.0,25600840413,2054807,92,12097.0,12459.0,موج
229,2024-11-11,12832.0,12832.0,12770.0,12829.0,2589746883125,201860623,2586,12459.0,12832.0,موج
230,2024-11-12,12849.0,13213.0,12849.0,13160.0,2921104642422,221966475,5136,12829.0,13213.0,موج
231,2024-11-13,13155.0,13554.0,13155.0,13501.0,2169408845430,160689709,4733,13160.0,13554.0,موج
232,2024-11-16,13906.0,13906.0,13906.0,13906.0,65513112840,4711140,195,13501.0,13906.0,موج
233,2024-11-17,14323.0,14323.0,13787.0,14182.0,4130401311277,291238948,8487,13906.0,14094.0,موج
234,2024-11-18,14288.0,14607.0,14186.0,14538.0,2287518480345,157350874,3206,14182.0,14607.0,موج
235,2024-11-19,14974.0,14974.0,14250.0,14772.0,3422885553448,231707030,7626,14538.0,14341.0,موج
236,2024-11-20,14400.0,14947.0,14329.0,14471.0,3594605776555,248394842,8335,14772.0,14372.0,موج
237,2024-11-23,14271.0,14905.0,14270.0,14819.0,2577890211992,173960254,5043,14471.0,14905.0,موج
238,2024-11-24,14960.0,15263.0,14930.0,15203.0,643769553975,42344894,1164,14819.0,15263.0,موج
239,2024-11-25,15659.0,15659.0,15659.0,15659.0,38911550188,2484932,237,15203.0,15659.0,موج
240,2024-11-26,16128.0,16128.0,15700.0,16096.0,4977875787763,309263909,7033,15659.0,15999.0,موج
241,2024-11-27,16295.0,16578.0,16208.0,16496.0,1697861895759,102922554,3441,16096.0,16578.0,موج
242,2024-11-30,16990.0,16990.0,16002.0,16681.0,4655427902936,279084772,7915,16496.0,16450.0,موج
243,2024-12-01,16430.0,17100.0,16181.0,16371.0,4225728732370,258129001,8337,16681.0,16236.0,موج
244,2024-12-02,16862.0,16862.0,16750.0,16862.0,1070445731238,63484276,803,16371.0,16862.0,موج
245,2024-12-03,17367.0,17367.0,17188.0,17357.0,1900831377798,109512651,2027,16862.0,17367.0,موج
246,2024-12-04,17500.0,17877.0,17261.0,17746.0,2125554516607,119773810,3343,17357.0,17877.0,موج
247,2024-12-07,17900.0,18277.0,17214.0,17455.0,3657863257404,209559595,8026,17746.0,17214.0,موج
248,2024-12-08,17100.0,17845.0,16932.0,17320.0,6372035026267,367896978,11813,17455.0,17830.0,موج
249,2024-12-09,17839.0,17839.0,17767.0,17839.0,1151095375886,64526982,754,17320.0,17839.0,موج
250,2024-12-10,18374.0,18374.0,17839.0,18281.0,5441853142074,297680531,9086,17839.0,18219.0,موج
251,2024-12-11,18154.0,18829.0,17950.0,18504.0,2952751029001,159574042,6345,18281.0,18829.0,موج
252,2024-12-14,19059.0,19059.0,19059.0,19059.0,15634955355,820345,271,18504.0,19059.0,موج
253,2024-12-15,19630.0,19630.0,19630.0,19630.0,73362060460,3737242,229,19059.0,19630.0,موج
254,2024-12-16,20218.0,20218.0,20218.0,20218.0,1546332343754,76482953,1035,19630.0,20218.0,موج
255,2024-12-17,20547.0,20824.0,19612.0,20384.0,8907835758224,437000312,12652,20218.0,19705.0,موج
256,2024-12-18,19920.0,20995.0,19773.0,20574.0,4445476303879,216069551,7727,20384.0,20995.0,موج
257,2024-12-21,21191.0,21191.0,21191.0,21191.0,14227552636,671396,154,20574.0,21191.0,موج
258,2024-12-22,21826.0,21826.0,21826.0,21826.0,418750929576,19185876,337,21191.0,21826.0,موج
259,2024-12-23,22480.0,22480.0,22480.0,22480.0,215981635520,9607724,297,21826.0,22480.0,موج
260,2024-12-24,23154.0,23154.0,23154.0,23154.0,34851748110,1505215,159,22480.0,23154.0,موج
261,2024-12-25,23848.0,23848.0,23848.0,23848.0,929836453304,38990123,764,23154.0,23848.0,موج
262,2024-12-28,24563.0,24563.0,23207.0,24217.0,13663229677666,564200734,20003,23848.0,23620.0,موج
263,2024-12-29,23900.0,24230.0,23491.0,23614.0,3996533890928,169246296,6197,24217.0,23491.0,موج
264,2024-12-30,22906.0,23289.0,22906.0,22977.0,5159191094936,224536069,7573,23614.0,22906.0,موج
265,2024-12-31,22600.0,23288.0,22288.0,22599.0,8749572356182,387173641,12655,22977.0,22449.0,موج
266,2025-01-01,22880.0,23276.0,22068.0,22771.0,4463280883989,196006669,8757,22599.0,23276.0,موج
267,2025-01-04,23454.0,23454.0,23454.0,23454.0,27833237064,1186716,212,22771.0,23454.0,موج
268,2025-01-05,24157.0,24157.0,24000.0,24154.0,6735696603209,278860672,6155,23454.0,24157.0,موج
269,2025-01-06,24050.0,24878.0,23780.0,24674.0,8193855248170,332085407,10559,24154.0,24878.0,موج
270,2025-01-07,25414.0,25414.0,25414.0,25414.0,270363281040,10638360,323,24674.0,25414.0,موج
271,2025-01-08,26176.0,26176.0,26176.0,26176.0,221320828480,8455105,446,25414.0,26176.0,موج
272,2025-01-11,26961.0,26961.0,25392.0,26337.0,13518682245139,513305585,21179,26176.0,25600.0,موج
273,2025-01-12,25666.0,25798.0,25547.0,25606.0,1383458829981,54029568,2227,26337.0,25547.0,موج
274,2025-01-13,24838.0,26374.0,24838.0,25601.0,8823524101304,344658863,16649,25606.0,25912.0,موج
275,2025-01-15,26110.0,26369.0,24833.0,25725.0,5717441196708,222250588,13466,25601.0,25032.0,موج
276,2025-01-18,24960.0,25095.0,24954.0,24967.0,406188416561,16268812,863,25725.0,24954.0,موج
277,2025-01-19,24218.0,24500.0,24218.0,24255.0,3893723101924,160533158,5298,24967.0,24218.0,موج
278,2025-01-20,24250.0,24580.0,23528.0,24035.0,2968757501539,123516634,6001,24255.0,23528.0,موج
279,2025-01-21,23314.0,23790.0,23314.0,23389.0,9276134054331,396606558,14878,24035.0,23603.0,موج
280,2025-01-22,23982.0,24090.0,23982.0,24066.0,1915266630137,79582801,1800,23389.0,24090.0,موج
281,2025-01-25,24786.0,24787.0,23466.0,24301.0,10797102174438,444305214,22079,24066.0,24305.0,موج
282,2025-01-26,24200.0,24746.0,23572.0,23849.0,4476311427006,187694873,9760,24301.0,23572.0,موج
283,2025-01-27,23270.0,23550.0,23134.0,23211.0,4825927126560,207915172,8298,23849.0,23134.0,موج
284,2025-01-29,23210.0,23550.0,22689.0,23140.0,5340155396168,230775193,12382,23211.0,22934.0,موج
285,2025-02-01,23000.0,23118.0,22446.0,22574.0,554150524929,24547655,1676,23140.0,22446.0,موج
286,2025-02-02,22170.0,22429.0,21897.0,22088.0,5413106443258,245065973,9726,22574.0,21897.0,موج
287,2025-02-03,22060.0,22202.0,21451.0,21842.0,4026183848798,184329751,9105,22088.0,22140.0,موج
288,2025-02-04,22459.0,22497.0,22200.0,22434.0,933095601800,41593458,1565,21842.0,22497.0,موج
289,2025-02-05,22400.0,23107.0,21764.0,22661.0,6699957236111,295661017,10919,22434.0,23048.0,موج
290,2025-02-09,22750.0,23340.0,22670.0,23206.0,5168522287871,222723428,7133,22661.0,23010.0,موج
291,2025-02-11,23350.0,23753.0,22510.0,22993.0,2618949127060,113900060,5293,23206.0,22510.0,موج
292,2025-02-15,22304.0,22304.0,22304.0,22304.0,24955321088,1118872,248,22993.0,22304.0,موج
293,2025-02-16,21635.0,21635.0,21635.0,21635.0,132403560530,6119878,502,22304.0,21635.0,موج
294,2025-02-17,21497.0,22284.0,21340.0,21810.0,5212082282850,238980870,11385,21635.0,21370.0,موج
295,2025-02-18,21590.0,22336.0,21400.0,21909.0,2899994606232,132362705,6778,21810.0,22336.0,موج
296,2025-02-19,22261.0,22364.0,21310.0,21933.0,2597935627127,118447219,6790,21909.0,21466.0,موج
297,2025-02-22,21595.0,21667.0,21276.0,21321.0,2471817417746,115934368,4648,21933.0,21276.0,موج
298,2025-02-23,21950.0,21960.0,21827.0,21955.0,1187591793458,54092280,1348,21321.0,21960.0,موج
299,2025-02-24,22613.0,22613.0,22613.0,22613.0,219180414549,9692673,334,21955.0,22613.0,موج
300,2025-02-25,23291.0,23291.0,23195.0,23290.0,2118079836079,90943370,1862,22613.0,23291.0,موج
301,2025-02-26,23988.0,23988.0,23292.0,23859.0,6230182672906,261120776,9194,23290.0,23988.0,موج
302,2025-03-01,23910.0,24574.0,23880.0,24474.0,4382740418753,179074186,6851,23859.0,24400.0,موج
303,2025-03-02,24400.0,25208.0,24400.0,25041.0,2675848087712,106857815,4197,24474.0,25208.0,موج
304,2025-03-03,24290.0,24290.0,24290.0,24290.0,392805540680,16171492,839,25041.0,24290.0,موج
305,2025-03-04,23562.0,24676.0,23562.0,23730.0,8869250654798,373764098,11586,24290.0,23562.0,موج
306,2025-03-05,23100.0,23477.0,23019.0,23068.0,5069694324577,219776047,7692,23730.0,23021.0,موج
307,2025-03-08,22900.0,22999.0,22376.0,22507.0,820738839287,36465634,1556,23068.0,22376.0,موج
308,2025-03-09,21832.0,21832.0,21832.0,21832.0,69764898288,3195534,390,22507.0,21832.0,موج
309,2025-03-10,21400.0,22300.0,21178.0,21474.0,5071846635792,236190920,9848,21832.0,21328.0,موج
310,2025-03-11,21180.0,21220.0,20830.0,20964.0,737860356718,35197146,1885,21474.0,20830.0,موج
311,2025-03-12,20336.0,21190.0,20336.0,20628.0,3179230737552,154122705,7566,20964.0,21080.0,موج
312,2025-03-15,21246.0,21246.0,21246.0,21246.0,56899719948,2678138,208,20628.0,21246.0,موج
313,2025-03-16,21883.0,21883.0,21682.0,21882.0,2747364828590,125553181,2797,21246.0,21883.0,موج
314,2025-03-17,21882.0,22450.0,21226.0,21674.0,3419276351239,157756517,8271,21882.0,21226.0,موج
315,2025-03-18,21024.0,21024.0,21024.0,21024.0,62818892064,2987961,423,21674.0,21024.0,موج
316,2025-03-25,21654.0,21654.0,21654.0,21654.0,376524191070,17388205,414,21024.0,21654.0,موج
317,2025-03-26,22303.0,22303.0,21880.0,22205.0,3073855925242,138430555,6595,21654.0,22231.0,موج
318,2025-03-29,21979.0,22871.0,21539.0,22447.0,3049161436719,135841165,6249,22205.0,22871.0,موج
319,2025-03-30,23090.0,23120.0,22901.0,23093.0,762994638646,33040110,1236,22447.0,23120.0,موج
320,2025-04-05,23785.0,23785.0,23279.0,23736.0,4172799531485,175803895,7043,23093.0,23770.0,موج
321,2025-04-06,23770.0,24080.0,23024.0,23403.0,2436645917424,104115571,5848,23736.0,23024.0,موج
322,2025-04-07,22870.0,23000.0,22701.0,22785.0,968722836341,42515319,1851,23403.0,22701.0,موج
323,2025-04-08,23468.0,23468.0,23468.0,23468.0,91008857064,3877998,318,22785.0,23468.0,موج
324,2025-04-09,24172.0,24172.0,23855.0,24146.0,4725964294458,195727413,6100,23468.0,24172.0,موج
325,2025-04-12,24870.0,24870.0,24500.0,24864.0,1169982631550,47055606,1034,24146.0,24870.0,موج
326,2025-04-13,25609.0,25609.0,25609.0,25609.0,30250247115,1181235,143,24864.0,25609.0,موج
327,2025-04-14,26377.0,26377.0,26377.0,26377.0,46997430766,1781758,242,25609.0,26377.0,موج
328,2025-04-15,27168.0,27168.0,26567.0,27109.0,11617183551709,428531259,13321,26377.0,26900.0,موج
329,2025-04-16,26800.0,27922.0,26460.0,27576.0,4678574653234,169660107,6528,27109.0,27922.0,موج
330,2025-04-19,28403.0,28403.0,28403.0,28403.0,673601315953,23715851,735,27576.0,28403.0,موج
331,2025-04-20,29255.0,29255.0,29255.0,29255.0,37504061605,1281971,122,28403.0,29255.0,موج
332,2025-04-21,30132.0,30132.0,29852.0,30122.0,3604186722908,119653671,3222,29255.0,30132.0,موج
333,2025-04-22,31025.0,31025.0,30508.0,30999.0,3663292532251,118176324,4438,30122.0,31025.0,موج
334,2025-04-23,31928.0,31928.0,30170.0,31661.0,4988432992631,157559754,5319,30999.0,31928.0,موج
335,2025-04-26,32610.0,32610.0,31896.0,32524.0,6029857541949,185396177,8260,31661.0,32610.0,موج
336,2025-04-27,31549.0,31850.0,31549.0,31552.0,4276037764260,135524076,4692,32524.0,31549.0,موج
337,2025-04-28,31480.0,32470.0,30606.0,31099.0,13278041057482,426959541,17911,31552.0,30606.0,موج
338,2025-04-29,30580.0,31047.0,30167.0,30393.0,7539377722945,248063150,13950,31099.0,30200.0,موج
339,2025-04-30,30530.0,31304.0,30490.0,31167.0,2097541193643,67300257,2447,30393.0,31304.0,موج
340,2025-05-03,30232.0,30232.0,30232.0,30232.0,66786720480,2209140,459,31167.0,30232.0,موج
341,2025-05-04,29326.0,29326.0,29326.0,29326.0,562174522558,19169833,1430,30232.0,29326.0,موج
342,2025-05-05,28500.0,29900.0,28447.0,28783.0,10962383171345,380869498,16408,29326.0,28447.0,موج
343,2025-05-06,29100.0,29399.0,27930.0,28761.0,6619332104995,230148803,12304,28783.0,29194.0,موج
344,2025-05-07,29623.0,29623.0,29026.0,29545.0,5734055800684,194077415,7362,28761.0,29623.0,موج
345,2025-05-10,28659.0,28750.0,28659.0,28659.0,447421672449,15611751,1112,29545.0,28659.0,موج
346,2025-05-11,27800.0,27800.0,27800.0,27800.0,210747824600,7580857,919,28659.0,27800.0,موج
347,2025-05-12,28634.0,28634.0,28634.0,28634.0,14762350987382,515553223,4359,27800.0,28634.0,موج
348,2025-05-13,28700.0,29100.0,28133.0,28693.0,14985943781722,522292035,21416,28634.0,28570.0,موج
349,2025-05-14,28200.0,29200.0,27833.0,28574.0,11966783441490,418793291,18187,28693.0,28496.0,موج
350,2025-05-17,28997.0,29431.0,28403.0,29210.0,10142980365508,347245446,14559,28574.0,29431.0,موج
351,2025-05-18,29600.0,30086.0,29301.0,29880.0,6106649839127,204375314,9571,29210.0,30086.0,موج
352,2025-05-19,29590.0,30200.0,28984.0,29270.0,7400392818849,252830178,9598,29880.0,28984.0,موج
353,2025-05-20,28880.0,28939.0,28392.0,28541.0,842337677987,29512942,1974,29270.0,28392.0,موج
354,2025-05-21,27685.0,27685.0,27685.0,27685.0,319242600880,11531248,926,28541.0,27685.0,موج
355,2025-05-24,27400.0,28210.0,26855.0,27173.0,7489020879704,275605980,14824,27685.0,26900.0,موج
356,2025-05-25,26410.0,26622.0,26358.0,26364.0,1883690835862,71448241,2658,27173.0,26358.0,موج
357,2025-05-26,26359.0,27100.0,25701.0,26414.0,5957862836841,225554299,12958,26364.0,26996.0,موج
358,2025-05-27,27100.0,27206.0,26650.0,27029.0,4400194486743,162792390,7687,26414.0,26840.0,موج
359,2025-05-28,26800.0,27291.0,26400.0,26812.0,2751093185582,102606594,7553,27029.0,26624.0,موج
360,2025-05-31,27179.0,27249.0,26196.0,26719.0,2336234062314,87437667,6228,26812.0,26230.0,موج
361,2025-06-01,26100.0,26200.0,25918.0,25941.0,1022601909245,39420203,2460,26719.0,25918.0,موج
362,2025-06-02,26100.0,26533.0,25710.0,26145.0,2835703569014,108458633,7434,25941.0,25770.0,موج
363,2025-06-03,25610.0,25613.0,25361.0,25394.0,2009934646175,79148544,3981,26145.0,25361.0,موج
364,2025-06-07,24633.0,24633.0,24633.0,24633.0,475382857194,19298618,723,25394.0,24633.0,موج
365,2025-06-08,23910.0,25299.0,23910.0,24420.0,4264741853274,174640947,8890,24633.0,24484.0,موج
366,2025-06-09,24440.0,24643.0,23688.0,23878.0,2424258264044,101526851,5953,24420.0,23688.0,موج
367,2025-06-10,24300.0,24594.0,23878.0,24214.0,2506878906504,103528724,5102,23878.0,24594.0,موج
368,2025-06-11,24790.0,24940.0,24165.0,24582.0,2556190989760,103985220,6405,24214.0,24320.0,موج
369,2025-06-28,23845.0,23845.0,23845.0,23845.0,1803945785,75653,54,24582.0,23845.0,موج
370,2025-06-29,23130.0,23130.0,23130.0,23130.0,1559655900,67430,78,23845.0,23130.0,موج
371,2025-06-30,22437.0,22437.0,22437.0,22437.0,3992843646,177958,70,23130.0,22437.0,موج
372,2025-07-01,21764.0,21764.0,21764.0,21764.0,6126544236,281499,77,22437.0,21764.0,موج
373,2025-07-02,21112.0,21112.0,21112.0,21112.0,140365961008,6648634,526,21764.0,21112.0,موج
374,2025-07-07,20479.0,20700.0,20479.0,20491.0,2433564054466,118764895,3951,21112.0,20479.0,موج
375,2025-07-08,19672.0,19672.0,19672.0,19672.0,80761330440,4105395,409,20491.0,19672.0,موج
376,2025-07-09,18886.0,18886.0,18886.0,18886.0,4483522820966,237399281,2676,19672.0,18886.0,موج
377,2025-07-12,19353.0,19641.0,19050.0,19404.0,2317921955505,119454029,6647,18886.0,19290.0,موج
378,2025-07-13,19249.0,19601.0,18628.0,18826.0,4118293390436,218756879,7870,19404.0,19180.0,موج
379,2025-07-14,19230.0,19400.0,18500.0,18878.0,2471252591363,130908104,7254,18826.0,18623.0,موج
380,2025-07-15,18888.0,18960.0,18400.0,18692.0,3245341849420,173622496,7703,18878.0,18600.0,موج
381,2025-07-16,18836.0,19439.0,18630.0,19197.0,1806815484450,94121711,4286,18692.0,19439.0,موج
382,2025-07-19,19962.0,19964.0,19729.0,19954.0,2101517196324,105318716,3415,19197.0,19964.0,موج
383,2025-07-20,20052.0,20370.0,19400.0,20017.0,3747603800513,187220033,8686,19954.0,20030.0,موج
384,2025-07-21,20100.0,20817.0,20070.0,20633.0,1645975454851,79772679,3149,20017.0,20817.0,موج
385,2025-07-22,21350.0,21458.0,19975.0,20752.0,4090604884511,197115732,10185,20633.0,20001.0,موج
386,2025-07-23,19960.0,20039.0,19922.0,19934.0,207069123777,10387670,696,20752.0,19922.0,موج
387,2025-07-26,20599.0,20731.0,19650.0,20355.0,3687487764876,181163214,7950,19934.0,19700.0,موج
388,2025-07-27,19670.0,19790.0,19541.0,19587.0,1022733946240,52213773,2731,20355.0,19541.0,موج
389,2025-07-28,18804.0,18900.0,18804.0,18806.0,521580268177,27734298,792,19587.0,18804.0,موج
390,2025-07-29,18054.0,18054.0,18054.0,18054.0,52608742164,2913966,274,18806.0,18054.0,موج
391,2025-07-30,17332.0,17332.0,17332.0,17332.0,508514519156,29339633,1284,18054.0,17332.0,موج
392,2025-08-02,16639.0,17000.0,16639.0,16676.0,2638125864333,158196971,4290,17332.0,16639.0,موج
393,2025-08-03,16599.0,17286.0,16040.0,16565.0,3538920405159,213633526,9008,16676.0,16695.0,موج
394,2025-08-04,17000.0,17227.0,16398.0,16966.0,2085189126952,122902382,4508,16565.0,17227.0,موج
395,2025-08-05,17260.0,17450.0,16288.0,16820.0,1984243537617,117971796,5292,16966.0,16288.0,موج
396,2025-08-06,16153.0,16759.0,16148.0,16318.0,2851106717276,174726455,6789,16820.0,16291.0,موج
397,2025-08-09,16660.0,16970.0,16620.0,16931.0,1864934054608,110151677,3031,16318.0,16970.0,موج
398,2025-08-10,17020.0,17220.0,16296.0,16627.0,1883611479595,113287975,7237,16931.0,16440.0,موج
399,2025-08-11,16345.0,16610.0,15962.0,16138.0,1742773922984,107994233,4913,16627.0,15964.0,موج
400,2025-08-12,15950.0,16079.0,15493.0,15569.0,976479103482,62719812,2789,16138.0,15493.0,موج
401,2025-08-13,15010.0,15230.0,14947.0,14996.0,185891461674,12396121,658,15569.0,14947.0,موج
402,2025-08-16,14397.0,15070.0,14397.0,14636.0,1569798406476,107253976,4299,14996.0,14915.0,موج
403,2025-08-17,15215.0,15221.0,15081.0,15205.0,183198158447,12048699,429,14636.0,15221.0,موج
404,2025-08-18,15813.0,15813.0,15300.0,15672.0,2258364723371,144099958,5030,15205.0,15432.0,موج
405,2025-08-19,15478.0,15750.0,15046.0,15387.0,1496802124065,97276382,5205,15672.0,15046.0,موج
406,2025-08-20,14976.0,14990.0,14772.0,14815.0,1163832359908,78558323,2731,15387.0,14772.0,موج
407,2025-08-23,14970.0,15178.0,14226.0,14862.0,1620487398323,109037271,4931,14815.0,14990.0,موج
408,2025-08-25,14872.0,14979.0,14268.0,14432.0,761220896878,52743627,2226,14862.0,14268.0,موج
409,2025-08-26,14000.0,14980.0,13855.0,14376.0,2402068294728,167094349,6156,14432.0,14681.0,موج
410,2025-08-27,14230.0,14951.0,14011.0,14742.0,1813626594078,123026354,3864,14376.0,14683.0,موج
411,2025-08-30,14315.0,15321.0,14153.0,14578.0,2499739576678,171474181,5377,14742.0,15125.0,موج
412,2025-08-31,15161.0,15161.0,15161.0,15161.0,48249821856,3182496,218,14578.0,15161.0,موج
413,2025-09-02,15767.0,15767.0,15767.0,15767.0,59616461797,3781091,195,15161.0,15767.0,موج
414,2025-09-03,16397.0,16397.0,16397.0,16397.0,63882056120,3895960,284,15767.0,16397.0,موج
415,2025-09-06,17052.0,17052.0,16561.0,16961.0,5782121207716,340898824,7090,16397.0,16880.0,موج
416,2025-09-07,17000.0,17639.0,16851.0,17397.0,3128940559817,179850424,4050,16961.0,17639.0,موج
417,2025-09-08,18092.0,18092.0,18092.0,18092.0,411437843008,22741424,404,17397.0,18092.0,موج
418,2025-09-09,18815.0,18815.0,18401.0,18772.0,6804847931258,362491524,7868,18092.0,18815.0,موج
419,2025-09-13,18900.0,19522.0,18300.0,19137.0,5371178916240,280665696,10226,18772.0,19253.0,موج
420,2025-09-14,19400.0,19902.0,19400.0,19830.0,1983513287797,100024105,2500,19137.0,19902.0,موج
421,2025-09-15,20550.0,20550.0,19037.0,19751.0,8054872403432,407811167,16144,19830.0,19119.0,موج
422,2025-09-16,19001.0,19100.0,18961.0,19006.0,525576588378,27652752,1229,19751.0,18961.0,موج
423,2025-09-17,18246.0,18246.0,18246.0,18246.0,250822251708,13746698,742,19006.0,18246.0,موج
424,2025-09-20,17517.0,17517.0,17517.0,17517.0,6736302486,384558,96,18246.0,17517.0,موج
425,2025-09-21,16817.0,16980.0,16817.0,16821.0,2691642750097,160012676,3025,17517.0,16886.0,موج
426,2025-09-22,17493.0,17493.0,17302.0,17489.0,2302855355295,131673043,2500,16821.0,17493.0,موج
427,2025-09-23,17300.0,17890.0,16790.0,17137.0,8171429482879,476838000,13590,17489.0,16940.0,موج
428,2025-09-24,16452.0,17499.0,16452.0,16858.0,4652640117481,275986442,9018,17137.0,17400.0,موج
429,2025-09-27,17532.0,17532.0,17532.0,17532.0,370550391120,21135660,390,16858.0,17532.0,موج
430,2025-09-28,18233.0,18233.0,18233.0,18233.0,34392105648,1886256,124,17532.0,18233.0,موج
431,2025-09-29,18962.0,18962.0,18962.0,18962.0,109883007572,5794906,214,18233.0,18962.0,موج
432,2025-09-30,19720.0,19720.0,19720.0,19720.0,1094714388000,55512900,1115,18962.0,19720.0,موج
433,2025-10-01,19960.0,20508.0,19368.0,20236.0,10927716569027,540020292,10938,19720.0,20508.0,موج
434,2025-10-04,21045.0,21045.0,21045.0,21045.0,60292115130,2864914,183,20236.0,21045.0,موج
435,2025-10-05,21886.0,21886.0,21886.0,21886.0,167827910422,7668277,290,21045.0,21886.0,موج
436,2025-10-06,22761.0,22761.0,22536.0,22732.0,9728193891527,427942836,8725,21886.0,22761.0,موج
437,2025-10-07,22900.0,23641.0,22767.0,23369.0,1817465306202,77773941,2252,22732.0,23641.0,موج
438,2025-10-08,24100.0,24303.0,23120.0,24041.0,11341767947384,471770350,13276,23369.0,23640.0,موج
439,2025-10-11,24100.0,25002.0,24041.0,24665.0,9446383797040,382990349,12733,24041.0,25002.0,موج
440,2025-10-12,25158.0,25651.0,25157.0,25590.0,2749468637982,107441604,3294,24665.0,25651.0,موج
441,2025-10-13,26550.0,26612.0,25421.0,26124.0,11391027386958,436032616,17278,25590.0,25800.0,موج
442,2025-10-14,25850.0,26460.0,25080.0,25573.0,9884832257825,386526542,13824,26124.0,25080.0,موج
443,2025-10-15,24551.0,25185.0,24551.0,24633.0,6412910358666,260339119,6770,25573.0,25183.0,موج
444,2025-10-18,25618.0,25618.0,25500.0,25617.0,1715992713105,66987086,1273,24633.0,25618.0,موج
445,2025-10-19,26641.0,26641.0,25185.0,26263.0,13466239514797,512752292,17508,25617.0,25300.0,موج
446,2025-10-20,25400.0,26150.0,25213.0,25595.0,6727745300199,262849701,10707,26263.0,25213.0,موج
447,2025-10-21,25010.0,26357.0,24572.0,25331.0,11845734476055,467634036,15772,25595.0,25700.0,موج
448,2025-10-22,26343.0,26344.0,25252.0,25953.0,9659449967887,372191542,12114,25331.0,26344.0,موج
449,2025-10-25,25900.0,26344.0,24915.0,25578.0,6973704972955,272640310,10961,25953.0,25810.0,موج
450,2025-10-26,26120.0,26601.0,25960.0,26362.0,6904760226707,261917583,9898,25578.0,26601.0,موج
451,2025-10-27,27009.0,27416.0,26750.0,27328.0,6786306504928,248329085,6190,26362.0,27416.0,موج
452,2025-10-28,28421.0,28421.0,28222.0,28412.0,5924848375385,208532349,4733,27328.0,28421.0,موج
453,2025-10-29,28450.0,29499.0,28001.0,28840.0,8485950741450,294243290,13301,28412.0,29100.0,موج
454,2025-11-01,29548.0,29991.0,27687.0,28654.0,10022506057485,349772789,17405,28840.0,27700.0,موج
455,2025-11-02,27602.0,29333.0,27508.0,28403.0,8358013775687,294263998,14115,28654.0,28927.0,موج
456,2025-11-03,28960.0,29426.0,28426.0,29006.0,6249275721992,215445752,11310,28403.0,28600.0,موج
457,2025-11-04,28599.0,28820.0,27846.0,28296.0,5392961341418,190591589,10115,29006.0,27846.0,موج
458,2025-11-05,27193.0,27500.0,27165.0,27221.0,7429019083740,272917100,9503,28296.0,27360.0,موج
459,2025-11-08,27600.0,28011.0,26133.0,26960.0,7940592703753,294530834,14723,27221.0,26144.0,موج
460,2025-11-09,25911.0,26226.0,25882.0,25908.0,363244412900,14020786,1058,26960.0,25882.0,موج
461,2025-11-10,24872.0,25289.0,24872.0,24922.0,7178594927121,288037064,8321,25908.0,25040.0,موج
462,2025-11-11,25290.0,25390.0,23926.0,24548.0,6811647420273,277481625,12430,24922.0,23926.0,موج
463,2025-11-12,23900.0,25230.0,23650.0,24539.0,5270530622842,214786121,11530,24548.0,24716.0,موج
464,2025-11-15,25000.0,25320.0,24484.0,24892.0,3462432683642,139095911,8025,24539.0,24900.0,موج
465,2025-11-16,24978.0,25887.0,24410.0,25272.0,4232964431545,167495385,8748,24892.0,25887.0,موج
466,2025-11-17,26199.0,26282.0,24901.0,25703.0,5131615129770,199650898,10576,25272.0,24910.0,موج
467,2025-11-18,24900.0,25349.0,24675.0,24911.0,2600992600550,104411775,7633,25703.0,24675.0,موج
468,2025-11-19,25000.0,25473.0,24630.0,25053.0,2406275864663,96047773,6508,24911.0,25100.0,موج
469,2025-11-22,25300.0,26001.0,24900.0,25514.0,2637052187144,103357887,6453,25053.0,25248.0,موج
470,2025-11-23,25820.0,26534.0,25820.0,26365.0,2760635655123,104710086,4431,25514.0,26534.0,موج
471,2025-11-25,27419.0,27419.0,27180.0,27407.0,4776500949774,174282402,4194,26365.0,27419.0,موج
472,2025-11-26,27970.0,28450.0,26851.0,27609.0,8967924522874,324818097,15708,27407.0,27738.0,موج
473,2025-11-29,27845.0,28561.0,27350.0,27811.0,5438059320836,195538140,11708,27609.0,27414.0,موج
474,2025-11-30,27690.0,28800.0,27050.0,28094.0,5752442092752,204754109,11272,27811.0,28679.0,موج
475,2025-12-01,29217.0,29217.0,28942.0,29199.0,5142049568676,176102267,6021,28094.0,29217.0,موج
476,2025-12-02,29410.0,30366.0,29200.0,30032.0,6687259083260,222672064,10026,29199.0,30088.0,موج
477,2025-12-03,30300.0,31233.0,30300.0,30844.0,5105849199861,165536083,10186,30032.0,31233.0,موج
478,2025-12-06,31800.0,32077.0,31553.0,32002.0,3519645979455,109982782,6019,30844.0,32077.0,موج
479,2025-12-07,33000.0,33200.0,30722.0,31532.0,11261190749939,357139370,20928,32002.0,30722.0,موج
480,2025-12-08,31290.0,32247.0,30890.0,31762.0,7450002147028,234553399,12973,31532.0,31940.0,موج
481,2025-12-09,32100.0,32580.0,30996.0,31774.0,5187418932989,163258955,11734,31762.0,31197.0,موج
482,2025-12-10,31000.0,32580.0,30970.0,31954.0,6109779056315,191205541,12744,31774.0,31724.0,موج
483,2025-12-13,32188.0,33232.0,32100.0,33025.0,6989084253420,211631501,8957,31954.0,33232.0,موج
484,2025-12-14,33350.0,33998.0,32211.0,33349.0,6613526579697,198313303,11462,33025.0,33635.0,موج
485,2025-12-15,33600.0,34682.0,33600.0,34436.0,4038216613084,117268854,5208,33349.0,34682.0,موج
486,2025-12-16,35300.0,35813.0,33059.0,34582.0,10299190502112,297821913,17523,34436.0,33320.0,موج
487,2025-12-17,33870.0,34700.0,33300.0,34067.0,7036018831350,206533092,12320,34582.0,34065.0,موج
488,2025-12-20,34810.0,35429.0,34810.0,35332.0,2387166756086,67564484,2597,34067.0,35429.0,موج
489,2025-12-21,36745.0,36745.0,35700.0,36472.0,8367715225982,229427499,10872,35332.0,36685.0,موج
490,2025-12-22,37300.0,37930.0,35290.0,36485.0,10477346204978,287168846,17273,36472.0,36180.0,موج
491,2025-12-23,36455.0,37944.0,35960.0,37341.0,7560231349381,202466217,10290,36485.0,37944.0,موج
492,2025-12-24,38750.0,38834.0,38460.0,38796.0,1845337703106,47564626,1786,37341.0,38834.0,موج
493,2025-12-27,40347.0,40347.0,39800.0,40307.0,6316116407965,156699456,5607,38796.0,40347.0,موج
494,2025-12-28,41000.0,41919.0,40600.0,41738.0,5612885604823,134478260,6438,40307.0,41919.0,موج
495,2025-12-29,43002.0,43407.0,40069.0,41324.0,19121917946361,462729941,28736,41738.0,40150.0,موج
496,2025-12-30,39672.0,39672.0,39672.0,39672.0,598903666704,15096382,1296,41324.0,39672.0,موج
497,2025-12-31,38086.0,41258.0,38086.0,39747.0,15282949202625,384500915,18420,39672.0,41258.0,موج
498,2026-01-04,40144.0,41151.0,38158.0,39265.0,14702679223647,374446585,20100,39747.0,39999.0,موج
499,2026-01-05,40835.0,40835.0,40835.0,40835.0,545704402740,13363644,559,39265.0,40835.0,موج
500,2026-01-06,42468.0,42468.0,42468.0,42468.0,358763038992,8447844,380,40835.0,42468.0,موج
501,2026-01-07,44166.0,44166.0,43700.0,44155.0,13377240174441,302962165,8263,42468.0,44166.0,موج
502,2026-01-10,42389.0,45356.0,42389.0,43218.0,17545223600663,405973629,17988,44155.0,42389.0,موج
503,2026-01-11,43600.0,44946.0,43500.0,44736.0,13395621554695,299437003,10019,43218.0,44946.0,موج
504,2026-01-12,46525.0,46525.0,46250.0,46524.0,2916677769275,62691900,1449,44736.0,46525.0,موج
505,2026-01-13,48348.0,48384.0,45187.0,47174.0,22047538039552,467370920,27014,46524.0,46400.0,موج
506,2026-01-14,45350.0,45800.0,45288.0,45309.0,8343540918374,184146945,7831,47174.0,45288.0,موج
507,2026-01-18,47121.0,47121.0,46711.0,47103.0,8536077765542,181220480,6368,45309.0,47121.0,موج
508,2026-01-19,48298.0,48987.0,45680.0,47727.0,18646126673755,390685172,22414,47103.0,47337.0,موج
509,2026-01-20,47580.0,48290.0,45818.0,46569.0,15883461821856,341072715,22443,47727.0,45818.0,موج
510,2026-01-21,45500.0,46699.0,44707.0,45218.0,14567323058247,322159324,18965,46569.0,45100.0,موج
511,2026-01-24,43410.0,43800.0,43410.0,43414.0,1602005213253,36900987,1897,45218.0,43410.0,موج
512,2026-01-25,41678.0,41678.0,41678.0,41678.0,66647998326,1599117,552,43414.0,41678.0,موج
513,2026-01-26,40011.0,40011.0,40011.0,40011.0,82803364665,2069515,337,41678.0,40011.0,موج
514,2026-01-27,38411.0,38411.0,38411.0,38411.0,126988993838,3306058,690,40011.0,38411.0,موج
515,2026-01-28,36875.0,37080.0,36875.0,36882.0,10009289401620,271389536,9751,38411.0,36875.0,موج
516,2026-01-31,36900.0,37950.0,35407.0,36381.0,2758894625086,75834269,3972,36882.0,35407.0,موج
517,2026-02-01,35990.0,37500.0,34926.0,36035.0,13136336552085,364540355,18467,36381.0,36550.0,موج
518,2026-02-02,36898.0,37476.0,36650.0,37189.0,6993948645855,188062512,9599,36035.0,37476.0,موج
519,2026-02-03,38676.0,38676.0,36510.0,37651.0,8580866108272,227904309,11807,37189.0,37320.0,موج
520,2026-02-07,39157.0,39157.0,39157.0,39157.0,3540029895635,90406055,1235,37651.0,39157.0,موج
521,2026-02-08,40723.0,40723.0,38300.0,40014.0,13010150699875,325140776,14302,39157.0,38910.0,موج
522,2026-02-09,38900.0,39300.0,38414.0,38535.0,638097436617,16558713,1114,40014.0,38414.0,موج
523,2026-02-10,36994.0,37880.0,36994.0,37125.0,10219358652149,275267462,11842,38535.0,37251.0,موج
524,2026-02-14,38210.0,38610.0,35640.0,37253.0,9411989094204,252647098,12690,37125.0,35737.0,موج
525,2026-02-15,35812.0,36000.0,35763.0,35801.0,442832364440,12369214,987,37253.0,35763.0,موج
526,2026-02-16,34369.0,35300.0,34369.0,34559.0,8746104482388,253079660,10346,35801.0,34800.0,موج
527,2026-02-17,34950.0,35240.0,34000.0,34678.0,3814681738721,110003576,6433,34559.0,34999.0,موج
528,2026-02-18,34950.0,35229.0,33291.0,33941.0,3344031135008,98526228,5700,34678.0,33291.0,موج
529,2026-02-21,32584.0,32584.0,32584.0,32584.0,29037003512,891143,348,33941.0,32584.0,موج
530,2026-02-22,31281.0,31400.0,31281.0,31284.0,5074265812673,162202005,5015,32584.0,31300.0,موج
531,2026-02-23,31900.0,32535.0,30910.0,31938.0,5742379366281,179800081,11171,31284.0,32509.0,موج
532,2026-02-24,31600.0,31938.0,30661.0,30753.0,3704227421901,120452642,6555,31938.0,30661.0,موج
533,2026-02-25,30200.0,31983.0,30200.0,31558.0,3593745592514,113877608,7455,30753.0,31983.0,موج
534,2026-05-19,30296.0,30296.0,30296.0,30296.0,1134115399928,37434493,1678,31558.0,30296.0,موج
535,2026-05-20,29085.0,30200.0,29085.0,29274.0,13556923050061,463110739,21839,30296.0,29910.0,موج
536,2026-05-23,30444.0,30444.0,30444.0,30444.0,761731104120,25020730,997,29274.0,30444.0,موج
537,2026-05-24,31661.0,31661.0,31661.0,31661.0,59693776044,1885404,259,30444.0,31661.0,موج
538,2026-05-25,32927.0,32927.0,32927.0,32927.0,701307859563,21298869,980,31661.0,32927.0,موج
539,2026-05-26,34244.0,34244.0,33333.0,34212.0,3298477560302,96413848,3333,32927.0,34244.0,موج
540,2026-05-30,35580.0,35580.0,35580.0,35580.0,80855870220,2272509,312,34212.0,35580.0,موج
541,2026-05-31,37003.0,37003.0,37003.0,37003.0,139731357651,3776217,330,35580.0,37003.0,موج
542,2026-06-01,38483.0,38483.0,38173.0,38482.0,5955310045022,154755736,6432,37003.0,38483.0,موج
543,2026-06-02,39940.0,40021.0,39411.0,39959.0,7288349016132,182394536,8006,38482.0,40021.0,موج
544,2026-06-03,40300.0,41557.0,39400.0,41037.0,11521111156720,280750209,17859,39959.0,41230.0,موج
545,2026-06-06,41900.0,42678.0,40320.0,41814.0,4795466172257,114685905,7133,41037.0,42678.0,موج
546,2026-06-07,43486.0,43486.0,43486.0,43486.0,129914642430,2987505,390,41814.0,43486.0,موج
547,2026-06-08,41747.0,43480.0,41747.0,41910.0,8741083693741,208567491,10679,43486.0,41747.0,موج
548,2026-06-09,43586.0,43586.0,43586.0,43586.0,886407697452,20336982,852,41910.0,43586.0,موج
549,2026-06-10,45329.0,45329.0,45329.0,45329.0,2277055127511,50233959,2183,43586.0,45329.0,موج
550,2026-06-13,47142.0,47142.0,47142.0,47142.0,257453163234,5461227,349,45329.0,47142.0,موج
551,2026-06-14,49027.0,49027.0,49027.0,49027.0,374090227830,7630290,545,47142.0,49027.0,موج
552,2026-06-15,50988.0,50988.0,50988.0,50988.0,84142641072,1650244,434,49027.0,50988.0,موج
553,2026-06-16,53027.0,53027.0,52766.0,53022.0,6847009925912,129136091,6323,50988.0,53027.0,موج
554,2026-06-17,55041.0,55142.0,54010.0,55042.0,7445773370936,135275274,6769,53022.0,55142.0,موج
